-- phpMyAdmin SQL Dump
-- version 5.2.0
-- https://www.phpmyadmin.net/
--
-- Host: 127.0.0.1
-- Generation Time: Jan 29, 2023 at 07:26 PM
-- Server version: 10.4.27-MariaDB
-- PHP Version: 8.1.12

SET SQL_MODE = "NO_AUTO_VALUE_ON_ZERO";
START TRANSACTION;
SET time_zone = "+00:00";


/*!40101 SET @OLD_CHARACTER_SET_CLIENT=@@CHARACTER_SET_CLIENT */;
/*!40101 SET @OLD_CHARACTER_SET_RESULTS=@@CHARACTER_SET_RESULTS */;
/*!40101 SET @OLD_COLLATION_CONNECTION=@@COLLATION_CONNECTION */;
/*!40101 SET NAMES utf8mb4 */;

--
-- Database: `mobile_store_db`
--

DELIMITER $$
--
-- Procedures
--
CREATE DEFINER=`root`@`localhost` PROCEDURE `getcat` (IN `cid` INT)   SELECT * FROM categories WHERE id=cid$$

DELIMITER ;

-- --------------------------------------------------------

--
-- Table structure for table `brands`
--

CREATE TABLE `brands` (
  `id` int(30) NOT NULL,
  `name` varchar(250) NOT NULL,
  `description` text DEFAULT NULL,
  `status` tinyint(1) NOT NULL DEFAULT 1
) ENGINE=InnoDB DEFAULT CHARSET=utf8mb4 COLLATE=utf8mb4_general_ci;

--
-- Dumping data for table `brands`
--

INSERT INTO `brands` (`id`, `name`, `description`, `status`) VALUES
(1, 'Apple', 'Apple Company', 1),
(3, 'Samsung', 'Samsung Company', 1),
(4, 'Vivo', 'Vivo Company', 1),
(5, 'OnePlus', 'OnePlus Company', 1),
(6, 'Xiaomi', 'Xiaomi Company', 1),
(9, 'Sony', 'Sony Company', 1),
(10, 'SanDisk', 'sandisk company', 1),
(11, 'HP', 'HP company', 1);

-- --------------------------------------------------------

--
-- Table structure for table `cart`
--

CREATE TABLE `cart` (
  `id` int(30) NOT NULL,
  `client_id` int(30) NOT NULL,
  `inventory_id` int(30) NOT NULL,
  `price` double NOT NULL,
  `quantity` int(30) NOT NULL
) ENGINE=InnoDB DEFAULT CHARSET=utf8mb4 COLLATE=utf8mb4_general_ci;

--
-- Dumping data for table `cart`
--

INSERT INTO `cart` (`id`, `client_id`, `inventory_id`, `price`, `quantity`) VALUES
(14, 1, 11, 299, 1);

-- --------------------------------------------------------

--
-- Table structure for table `categories`
--

CREATE TABLE `categories` (
  `id` int(30) NOT NULL,
  `category` varchar(250) NOT NULL,
  `description` text DEFAULT NULL,
  `status` tinyint(1) NOT NULL DEFAULT 1
) ENGINE=InnoDB DEFAULT CHARSET=utf8mb4 COLLATE=utf8mb4_general_ci;

--
-- Dumping data for table `categories`
--

INSERT INTO `categories` (`id`, `category`, `description`, `status`) VALUES
(1, 'Smart Phone', 'Smart Phone Products', 1),
(2, 'Accessories', 'Phone Accessories', 1),
(3, 'Mobile Hardware', 'Mobile Hardware products', 1),
(4, 'External Storage', 'External Storage Products', 1);

-- --------------------------------------------------------

--
-- Table structure for table `clients`
--

CREATE TABLE `clients` (
  `id` int(30) NOT NULL,
  `firstname` varchar(250) NOT NULL,
  `lastname` varchar(250) NOT NULL,
  `gender` varchar(20) NOT NULL,
  `contact` varchar(15) NOT NULL,
  `email` varchar(250) NOT NULL,
  `password` text NOT NULL,
  `default_delivery_address` text NOT NULL,
  `date_created` datetime NOT NULL DEFAULT current_timestamp()
) ENGINE=InnoDB DEFAULT CHARSET=utf8mb4 COLLATE=utf8mb4_general_ci;

--
-- Dumping data for table `clients`
--

INSERT INTO `clients` (`id`, `firstname`, `lastname`, `gender`, `contact`, `email`, `password`, `default_delivery_address`, `date_created`) VALUES
(2, 'nandini ', 'b', 'Female', '9390823015', 'nandinibathala910@gmail.com', '9feaa56b7b0966e1e02b199cd6dc3f42', '16-4-23,hindupur\r\n', '2023-01-29 23:44:33'),
(10, 'Nithya', 'Sree', 'Female', '8555074230', 'nithya0473@gmail.com', 'a9ed7eddf973221cb16e9b64396479c2', '5-4-13/11A,Hindupur Andhra Pradesh', '2023-01-29 23:46:32'),
(11, 'Mounika', 'Sree', 'Female', '7013343246', 'mounikasree2002@gmail.com', '735735aa594d4a2eda923d866879d5f2', '5-4-13/11A,Guntakal Andhra Pradesh', '2023-01-29 23:50:34'),
(12, 'Swetha', 'Sree', 'Female', '8897013929', 'swetha2002@gmail.com', '9d7149915135ed6dc6e6c54f333f8f98', '5-4-13/11A,Adoni Andhra Pradesh', '2023-01-29 23:51:50');

--
-- Triggers `clients`
--
DELIMITER $$
CREATE TRIGGER `after_client_info_insert` AFTER INSERT ON `clients` FOR EACH ROW BEGIN 
INSERT INTO client_info_backup VALUES(new.id,new.firstname,new.lastname,new.gender,new.contact,new.email,new.password,new.default_delivery_address,new.date_created);
END
$$
DELIMITER ;

-- --------------------------------------------------------

--
-- Table structure for table `client_info_backup`
--

CREATE TABLE `client_info_backup` (
  `id` int(30) NOT NULL,
  `firstname` varchar(250) NOT NULL,
  `lastname` varchar(250) NOT NULL,
  `gender` varchar(20) NOT NULL,
  `contact` varchar(15) NOT NULL,
  `email` varchar(250) NOT NULL,
  `password` text NOT NULL,
  `default_delivery_address` text NOT NULL,
  `date_created` datetime NOT NULL DEFAULT current_timestamp()
) ENGINE=InnoDB DEFAULT CHARSET=utf8mb4 COLLATE=utf8mb4_general_ci;

--
-- Dumping data for table `client_info_backup`
--

INSERT INTO `client_info_backup` (`id`, `firstname`, `lastname`, `gender`, `contact`, `email`, `password`, `default_delivery_address`, `date_created`) VALUES
(2, 'nandini ', 'b', 'Female', '9390823015', 'nandinibathala910@gmail.com', '9feaa56b7b0966e1e02b199cd6dc3f42', '16-4-23,hindupur\r\n', '2023-01-29 23:45:57'),
(10, 'Nithya', 'Sree', 'Female', '8555074230', 'nithya0473@gmail.com', 'a9ed7eddf973221cb16e9b64396479c2', '5-4-13/11A,Hindupur Andhra Pradesh', '2023-01-29 23:46:32'),
(11, 'Mounika', 'Sree', 'Female', '7013343246', 'mounikasree2002@gmail.com', '735735aa594d4a2eda923d866879d5f2', '5-4-13/11A,Guntakal Andhra Pradesh', '2023-01-29 23:50:34'),
(12, 'Swetha', 'Sree', 'Female', '8897013929', 'swetha2002@gmail.com', '9d7149915135ed6dc6e6c54f333f8f98', '5-4-13/11A,Adoni Andhra Pradesh', '2023-01-29 23:51:50');

-- --------------------------------------------------------

--
-- Table structure for table `inventory`
--

CREATE TABLE `inventory` (
  `id` int(30) NOT NULL,
  `product_id` int(30) NOT NULL,
  `quantity` double NOT NULL,
  `price` float NOT NULL
) ENGINE=InnoDB DEFAULT CHARSET=utf8mb4 COLLATE=utf8mb4_general_ci;

--
-- Dumping data for table `inventory`
--

INSERT INTO `inventory` (`id`, `product_id`, `quantity`, `price`) VALUES
(1, 1, 15, 57900),
(2, 2, 20, 69990),
(3, 3, 25, 350),
(4, 4, 13, 39000),
(5, 6, 5, 25000),
(6, 5, 8, 30000),
(7, 15, 6, 16499),
(8, 29, 5, 13999),
(9, 11, 8, 549),
(10, 22, 1, 370),
(11, 18, 10, 299),
(12, 23, 4, 1600),
(13, 28, 7, 1299),
(14, 24, 3, 1890),
(15, 26, 6, 1200),
(16, 27, 15, 1250),
(17, 30, 11, 494),
(18, 12, 5, 499),
(19, 21, 2, 899),
(20, 20, 4, 2024),
(21, 25, 1, 1099),
(22, 9, 8, 249),
(23, 19, 9, 179),
(24, 8, 17, 37999);

-- --------------------------------------------------------

--
-- Table structure for table `orders`
--

CREATE TABLE `orders` (
  `id` int(30) NOT NULL,
  `client_id` int(30) NOT NULL,
  `delivery_address` text NOT NULL,
  `payment_method` varchar(100) NOT NULL,
  `order_type` tinyint(1) NOT NULL COMMENT '1= pickup,2= deliver',
  `amount` double NOT NULL,
  `status` tinyint(2) NOT NULL DEFAULT 0,
  `paid` tinyint(1) NOT NULL DEFAULT 0,
  `date_created` datetime NOT NULL DEFAULT current_timestamp(),
  `date_updated` datetime DEFAULT NULL ON UPDATE current_timestamp()
) ENGINE=InnoDB DEFAULT CHARSET=utf8mb4 COLLATE=utf8mb4_general_ci;

--
-- Dumping data for table `orders`
--

INSERT INTO `orders` (`id`, `client_id`, `delivery_address`, `payment_method`, `order_type`, `amount`, `status`, `paid`, `date_created`, `date_updated`) VALUES
(3, 2, '16-4-23,hindupur\r\n', 'cod', 1, 39000, 0, 0, '2023-01-21 16:55:41', NULL),
(15, 10, '5-4-13/11A,Hindupur Andhra Pradesh', 'cod', 1, 299, 2, 1, '2023-01-29 23:49:33', '2023-01-29 23:54:11'),
(16, 11, '5-4-13/11A,Guntakal Andhra Pradesh', 'cod', 1, 1200, 3, 1, '2023-01-29 23:50:50', '2023-01-29 23:53:57'),
(17, 12, '5-4-13/11A,Adoni Andhra Pradesh', 'cod', 1, 2024, 5, 0, '2023-01-29 23:52:13', '2023-01-29 23:53:01');

-- --------------------------------------------------------

--
-- Table structure for table `order_list`
--

CREATE TABLE `order_list` (
  `id` int(30) NOT NULL,
  `order_id` int(30) NOT NULL,
  `product_id` int(30) NOT NULL,
  `quantity` int(30) NOT NULL,
  `price` double NOT NULL,
  `total` double NOT NULL
) ENGINE=InnoDB DEFAULT CHARSET=utf8mb4 COLLATE=utf8mb4_general_ci;

--
-- Dumping data for table `order_list`
--

INSERT INTO `order_list` (`id`, `order_id`, `product_id`, `quantity`, `price`, `total`) VALUES
(4, 3, 4, 1, 39000, 39000),
(13, 15, 18, 1, 299, 299),
(14, 16, 26, 1, 1200, 1200),
(15, 17, 20, 1, 2024, 2024);

-- --------------------------------------------------------

--
-- Table structure for table `products`
--

CREATE TABLE `products` (
  `id` int(30) NOT NULL,
  `brand_id` int(30) NOT NULL,
  `category_id` int(30) NOT NULL,
  `sub_category_id` int(30) NOT NULL,
  `name` varchar(250) NOT NULL,
  `specs` text NOT NULL,
  `status` tinyint(1) NOT NULL DEFAULT 1
) ENGINE=InnoDB DEFAULT CHARSET=utf8mb4 COLLATE=utf8mb4_general_ci;

--
-- Dumping data for table `products`
--

INSERT INTO `products` (`id`, `brand_id`, `category_id`, `sub_category_id`, `name`, `specs`, `status`) VALUES
(1, 1, 1, 0, 'iPhone Pro Max 12', '<ul class=\\\"techspecs-list\\\" role=\\\"list\\\" style=\\\"margin-right: 0px; margin-bottom: 0px; margin-left: 0px; padding: 0px; list-style: none;\\\"><li role=\\\"listitem\\\" style=\\\"margin: 0px; padding: 0px;\\\"><table class=\\\"a-normal a-spacing-micro\\\" style=\\\"width: 463.25px; color: rgb(15, 17, 17); font-family: \\\" amazon=\\\"\\\" ember\\\",=\\\"\\\" arial,=\\\"\\\" sans-serif;=\\\"\\\" margin-bottom:=\\\"\\\" 4px=\\\"\\\" !important;\\\"=\\\"\\\"><tbody><tr class=\\\"a-spacing-small po-brand\\\" style=\\\"margin-bottom: 8px !important;\\\"><td class=\\\"a-span3\\\" style=\\\"vertical-align: top; padding: 0px 3px 3px 0px; margin-right: 0px; width: 121.275px; float: none !important;\\\"><br></td><td class=\\\"a-span9\\\" style=\\\"vertical-align: top; padding: 0px 0px 3px 3px; margin-right: 0px; width: 341.975px; float: none !important;\\\"><br></td></tr><tr class=\\\"a-spacing-small po-model_name\\\" style=\\\"margin-bottom: 8px !important;\\\"><td class=\\\"a-span3\\\" style=\\\"vertical-align: top; padding: 3px 3px 3px 0px; margin-right: 0px; width: 121.275px; float: none !important;\\\"><br></td><td class=\\\"a-span9\\\" style=\\\"vertical-align: top; padding: 3px 0px 3px 3px; margin-right: 0px; width: 341.975px; float: none !important;\\\"><br></td></tr><tr class=\\\"a-spacing-small po-wireless_provider\\\" style=\\\"margin-bottom: 8px !important;\\\"><td class=\\\"a-span3\\\" style=\\\"vertical-align: top; padding: 3px 3px 3px 0px; margin-right: 0px; width: 121.275px; float: none !important;\\\"><span class=\\\"a-size-base a-text-bold\\\" style=\\\"font-weight: 700 !important; line-height: 20px !important;\\\">Network Service Provider</span></td><td class=\\\"a-span9\\\" style=\\\"vertical-align: top; padding: 3px 0px 3px 3px; margin-right: 0px; width: 341.975px; float: none !important;\\\"><span class=\\\"a-size-base po-break-word\\\" style=\\\"word-break: break-word; line-height: 20px !important;\\\">Unlocked for All Carriers</span></td></tr><tr class=\\\"a-spacing-small po-operating_system\\\" style=\\\"margin-bottom: 8px !important;\\\"><td class=\\\"a-span3\\\" style=\\\"vertical-align: top; padding: 3px 3px 3px 0px; margin-right: 0px; width: 121.275px; float: none !important;\\\"><span class=\\\"a-size-base a-text-bold\\\" style=\\\"font-weight: 700 !important; line-height: 20px !important;\\\">Operating System</span></td><td class=\\\"a-span9\\\" style=\\\"vertical-align: top; padding: 3px 0px 3px 3px; margin-right: 0px; width: 341.975px; float: none !important;\\\"><span class=\\\"a-size-base po-break-word\\\" style=\\\"word-break: break-word; line-height: 20px !important;\\\">IOS 14</span></td></tr><tr class=\\\"a-spacing-small po-cellular_technology\\\" style=\\\"margin-bottom: 8px !important;\\\"><td class=\\\"a-span3\\\" style=\\\"vertical-align: top; padding: 3px 3px 0px 0px; margin-right: 0px; width: 121.275px; float: none !important;\\\"><span class=\\\"a-size-base a-text-bold\\\" style=\\\"font-weight: 700 !important; line-height: 20px !important;\\\">Cellular Technology</span></td><td class=\\\"a-span9\\\" style=\\\"vertical-align: top; padding: 3px 0px 0px 3px; margin-right: 0px; width: 341.975px; float: none !important;\\\"><span class=\\\"a-size-base po-break-word\\\" style=\\\"word-break: break-word; line-height: 20px !important;\\\">5G</span></td></tr></tbody></table><h1 class=\\\"a-size-base-plus a-text-bold\\\" style=\\\"padding: 0px 0px 4px; margin-right: 0px; margin-bottom: 0px; margin-left: 0px; text-rendering: optimizelegibility; color: rgb(15, 17, 17); font-family: \\\" amazon=\\\"\\\" ember\\\",=\\\"\\\" arial,=\\\"\\\" sans-serif;=\\\"\\\" font-weight:=\\\"\\\" 700=\\\"\\\" !important;=\\\"\\\" font-size:=\\\"\\\" 16px=\\\"\\\" line-height:=\\\"\\\" 24px=\\\"\\\" !important;\\\"=\\\"\\\">About this item</h1><ul class=\\\"a-unordered-list a-vertical a-spacing-mini\\\" style=\\\"margin-right: 0px; margin-left: 18px; color: rgb(15, 17, 17); padding: 0px; font-family: \\\" amazon=\\\"\\\" ember\\\",=\\\"\\\" arial,=\\\"\\\" sans-serif;\\\"=\\\"\\\"><li style=\\\"list-style: disc; overflow-wrap: break-word; margin: 0px;\\\"><span class=\\\"a-list-item\\\">6.1-inch (15.5 cm diagonal) Super Retina XDR display</span></li><li style=\\\"list-style: disc; overflow-wrap: break-word; margin: 0px;\\\"><span class=\\\"a-list-item\\\">Ceramic Shield, tougher than any smartphone glass</span></li><li style=\\\"list-style: disc; overflow-wrap: break-word; margin: 0px;\\\"><span class=\\\"a-list-item\\\">A14 Bionic chip, the fastest chip ever in a smartphone</span></li><li style=\\\"list-style: disc; overflow-wrap: break-word; margin: 0px;\\\"><span class=\\\"a-list-item\\\">Advanced dual-camera system with 12MP Ultra Wide and Wide cameras; Night mode, Deep Fusion, Smart HDR 3, 4K Dolby Vision HDR recording</span></li><li style=\\\"list-style: disc; overflow-wrap: break-word; margin: 0px;\\\"><span class=\\\"a-list-item\\\">12MP TrueDepth front camera with Night mode, 4K Dolby Vision HDR recording</span></li><li style=\\\"list-style: disc; overflow-wrap: break-word; margin: 0px;\\\"><span class=\\\"a-list-item\\\">Industry-leading IP68 water resistance</span></li></ul></li></ul>', 1),
(2, 3, 1, 0, 'Samsung Galaxy S21 Ultra 5G', '<p></p><p></p><table class=\\\"a-normal a-spacing-micro\\\" style=\\\"width: 390.05px; color: rgb(15, 17, 17); font-family: \\\" amazon=\\\"\\\" ember\\\",=\\\"\\\" arial,=\\\"\\\" sans-serif;=\\\"\\\" margin-bottom:=\\\"\\\" 4px=\\\"\\\" !important;\\\"=\\\"\\\"><tbody><tr class=\\\"a-spacing-small po-brand\\\" style=\\\"margin-bottom: 8px !important;\\\"><td class=\\\"a-span3\\\" style=\\\"vertical-align: top; padding: 0px 3px 3px 0px; margin-right: 0px; width: 102.113px; float: none !important;\\\"><br></td><td class=\\\"a-span9\\\" style=\\\"vertical-align: top; padding: 0px 0px 3px 3px; margin-right: 0px; width: 287.938px; float: none !important;\\\"><br></td></tr><tr class=\\\"a-spacing-small po-operating_system\\\" style=\\\"margin-bottom: 8px !important;\\\"><td class=\\\"a-span3\\\" style=\\\"vertical-align: top; padding: 3px 3px 3px 0px; margin-right: 0px; width: 102.113px; float: none !important;\\\"><span class=\\\"a-size-base a-text-bold\\\" style=\\\"font-weight: 700 !important; line-height: 20px !important;\\\">OS</span></td><td class=\\\"a-span9\\\" style=\\\"vertical-align: top; padding: 3px 0px 3px 3px; margin-right: 0px; width: 287.938px; float: none !important;\\\"><span class=\\\"a-size-base po-break-word\\\" style=\\\"word-break: break-word; line-height: 20px !important;\\\">Android 10.0</span></td></tr><tr class=\\\"a-spacing-small po-cellular_technology\\\" style=\\\"margin-bottom: 8px !important;\\\"><td class=\\\"a-span3\\\" style=\\\"vertical-align: top; padding: 3px 3px 3px 0px; margin-right: 0px; width: 102.113px; float: none !important;\\\"><span class=\\\"a-size-base a-text-bold\\\" style=\\\"font-weight: 700 !important; line-height: 20px !important;\\\">Cellular Technology</span></td><td class=\\\"a-span9\\\" style=\\\"vertical-align: top; padding: 3px 0px 3px 3px; margin-right: 0px; width: 287.938px; float: none !important;\\\"><span class=\\\"a-size-base po-break-word\\\" style=\\\"word-break: break-word; line-height: 20px !important;\\\">4G</span></td></tr><tr class=\\\"a-spacing-small po-memory_storage_capacity\\\" style=\\\"margin-bottom: 8px !important;\\\"><td class=\\\"a-span3\\\" style=\\\"vertical-align: top; padding: 3px 3px 3px 0px; margin-right: 0px; width: 102.113px; float: none !important;\\\"><span class=\\\"a-size-base a-text-bold\\\" style=\\\"font-weight: 700 !important; line-height: 20px !important;\\\">Memory Storage Capacity</span></td><td class=\\\"a-span9\\\" style=\\\"vertical-align: top; padding: 3px 0px 3px 3px; margin-right: 0px; width: 287.938px; float: none !important;\\\"><span class=\\\"a-size-base po-break-word\\\" style=\\\"word-break: break-word; line-height: 20px !important;\\\">256 GB</span></td></tr><tr class=\\\"a-spacing-small po-connectivity_technology\\\" style=\\\"margin-bottom: 8px !important;\\\"><td class=\\\"a-span3\\\" style=\\\"vertical-align: top; padding: 3px 3px 0px 0px; margin-right: 0px; width: 102.113px; float: none !important;\\\"><span class=\\\"a-size-base a-text-bold\\\" style=\\\"font-weight: 700 !important; line-height: 20px !important;\\\">Connectivity technologies</span></td><td class=\\\"a-span9\\\" style=\\\"vertical-align: top; padding: 3px 0px 0px 3px; margin-right: 0px; width: 287.938px; float: none !important;\\\"><span class=\\\"a-size-base po-break-word\\\" style=\\\"word-break: break-word; line-height: 20px !important;\\\">Wi-Fi</span></td></tr></tbody></table><h1 class=\\\"a-size-base-plus a-text-bold\\\" style=\\\"padding: 0px 0px 4px; margin-right: 0px; margin-bottom: 0px; margin-left: 0px; text-rendering: optimizelegibility; color: rgb(15, 17, 17); font-family: \\\" amazon=\\\"\\\" ember\\\",=\\\"\\\" arial,=\\\"\\\" sans-serif;=\\\"\\\" font-weight:=\\\"\\\" 700=\\\"\\\" !important;=\\\"\\\" font-size:=\\\"\\\" 16px=\\\"\\\" line-height:=\\\"\\\" 24px=\\\"\\\" !important;\\\"=\\\"\\\">About this item</h1><p style=\\\"margin-right: 0px; margin-bottom: 0px; margin-left: 0px; padding: 0px; vertical-align: top; line-height: 1.25; text-align: center;\\\"><span class=\\\"c_model_unit-type1\\\" style=\\\"text-align: left; margin: 0px; padding: 0px; vertical-align: top; display: block; line-height: 1.3;\\\"></span></p><ul class=\\\"a-unordered-list a-vertical a-spacing-mini\\\" style=\\\"margin-right: 0px; margin-bottom: 0px; margin-left: 18px; color: rgb(15, 17, 17); padding: 0px; font-family: \\\" amazon=\\\"\\\" ember\\\",=\\\"\\\" arial,=\\\"\\\" sans-serif;\\\"=\\\"\\\"><li style=\\\"list-style: disc; overflow-wrap: break-word; margin: 0px;\\\"><span class=\\\"a-list-item\\\">This Renewed product is tested to work and look like new with minimal to no signs of wear &amp; tear; the product comes with relevant accessories and is backed by a minimum six month seller warranty; box may be generic.</span></li><li style=\\\"list-style: disc; overflow-wrap: break-word; margin: 0px;\\\"><span class=\\\"a-list-item\\\">Quad rear camera setup- Main Camera 108MP + Ultra Wide 12MP Dual Pixel Camera + Tele1 3X 10MP Dual Pixel Camera + Tele2 10x 10MP Dual pixel camera | 40MP front faciing camera</span></li><li style=\\\"list-style: disc; overflow-wrap: break-word; margin: 0px;\\\"><span class=\\\"a-list-item\\\">(6.8-inch) Dynamic AMOLED 2X Display, WQHD+ resolution with 3200 X 1440 pixels resolution, 515 PPI with 16M colours</span></li><li style=\\\"list-style: disc; overflow-wrap: break-word; margin: 0px;\\\"><span class=\\\"a-list-item\\\">12GB RAM | 256GB internal Storage, memory expandable up to 1TB| Dual SIM (nano+nano) dual-standby (4G+4G)</span></li><li style=\\\"list-style: disc; overflow-wrap: break-word; margin: 0px;\\\"><span class=\\\"a-list-item\\\">Android Pie v10.0 operating system with 2.9GHz Exynos 2100 octa core processor</span></li></ul><dl style=\\\"margin-right: 0px; margin-bottom: 0px; margin-left: 0px; padding: 0px; vertical-align: top; line-height: 1.25; text-align: center;\\\"><dt class=\\\"c_model_unit-type3\\\" style=\\\"text-align: left; margin: 40px 0px 0px; padding: 0px; vertical-align: top; line-height: 1.25;\\\"></dt></dl>', 1),
(3, 1, 2, 2, 'iPhone Pro Max 12 Case Cover', '<table class=\\\"a-normal a-spacing-micro\\\" style=\\\"width: 587.688px; color: rgb(15, 17, 17); font-family: &quot;Amazon Ember&quot;, Arial, sans-serif; margin-bottom: 4px !important;\\\"><tbody><tr class=\\\"a-spacing-small po-color\\\" style=\\\"margin-bottom: 8px !important;\\\"><td class=\\\"a-span3\\\" style=\\\"vertical-align: top; padding: 3px 3px 3px 0px; margin-right: 0px; width: 153.85px; float: none !important;\\\"><span class=\\\"a-size-base a-text-bold\\\" style=\\\"font-weight: 700 !important; line-height: 20px !important;\\\">Colour</span></td><td class=\\\"a-span9\\\" style=\\\"vertical-align: top; padding: 3px 0px 3px 3px; margin-right: 0px; width: 433.837px; float: none !important;\\\"><span class=\\\"a-size-base po-break-word\\\" style=\\\"word-break: break-word; line-height: 20px !important;\\\">Clear</span></td></tr><tr class=\\\"a-spacing-small po-form_factor\\\" style=\\\"margin-bottom: 8px !important;\\\"><td class=\\\"a-span3\\\" style=\\\"vertical-align: top; padding: 3px 3px 3px 0px; margin-right: 0px; width: 153.85px; float: none !important;\\\"><span class=\\\"a-size-base a-text-bold\\\" style=\\\"font-weight: 700 !important; line-height: 20px !important;\\\">Form Factor</span></td><td class=\\\"a-span9\\\" style=\\\"vertical-align: top; padding: 3px 0px 3px 3px; margin-right: 0px; width: 433.837px; float: none !important;\\\"><span class=\\\"a-size-base po-break-word\\\" style=\\\"word-break: break-word; line-height: 20px !important;\\\">Back cover</span></td></tr><tr class=\\\"a-spacing-small po-compatible_phone_models\\\" style=\\\"margin-bottom: 8px !important;\\\"><td class=\\\"a-span3\\\" style=\\\"vertical-align: top; padding: 3px 3px 3px 0px; margin-right: 0px; width: 153.85px; float: none !important;\\\"><span class=\\\"a-size-base a-text-bold\\\" style=\\\"font-weight: 700 !important; line-height: 20px !important;\\\">Compatible Phone Models</span></td><td class=\\\"a-span9\\\" style=\\\"vertical-align: top; padding: 3px 0px 3px 3px; margin-right: 0px; width: 433.837px; float: none !important;\\\"><span class=\\\"a-size-base po-break-word\\\" style=\\\"word-break: break-word; line-height: 20px !important;\\\">IPhone</span></td></tr><tr class=\\\"a-spacing-small po-material\\\" style=\\\"margin-bottom: 8px !important;\\\"><td class=\\\"a-span3\\\" style=\\\"vertical-align: top; padding: 3px 3px 0px 0px; margin-right: 0px; width: 153.85px; float: none !important;\\\"><span class=\\\"a-size-base a-text-bold\\\" style=\\\"font-weight: 700 !important; line-height: 20px !important;\\\">Material</span></td><td class=\\\"a-span9\\\" style=\\\"vertical-align: top; padding: 3px 0px 0px 3px; margin-right: 0px; width: 433.837px; float: none !important;\\\"><span class=\\\"a-size-base po-break-word\\\" style=\\\"word-break: break-word; line-height: 20px !important;\\\">Silicone</span></td></tr></tbody></table><h1 class=\\\"a-size-base-plus a-text-bold\\\" style=\\\"padding: 0px 0px 4px; margin-right: 0px; margin-bottom: 0px; margin-left: 0px; text-rendering: optimizelegibility; color: rgb(15, 17, 17); font-family: &quot;Amazon Ember&quot;, Arial, sans-serif; font-weight: 700 !important; font-size: 16px !important; line-height: 24px !important;\\\">About this item<br></h1><ul class=\\\"a-unordered-list a-vertical a-spacing-mini\\\" style=\\\"margin-right: 0px; margin-bottom: 0px; margin-left: 18px; color: rgb(15, 17, 17); padding: 0px; font-family: &quot;Amazon Ember&quot;, Arial, sans-serif;\\\"><li style=\\\"list-style: disc; overflow-wrap: break-word; margin: 0px;\\\"><span class=\\\"a-list-item\\\">Compatible with Apple iPhone 12 / 12 Pro</span></li><li style=\\\"list-style: disc; overflow-wrap: break-word; margin: 0px;\\\"><span class=\\\"a-list-item\\\">Protects phone from scratches, falls, fingerprints and sweat</span></li><li style=\\\"list-style: disc; overflow-wrap: break-word; margin: 0px;\\\"><span class=\\\"a-list-item\\\">Raised upper lip build design to help protect the screen against fall on a flat surface</span></li><li style=\\\"list-style: disc; overflow-wrap: break-word; margin: 0px;\\\"><span class=\\\"a-list-item\\\">1.2 mm slim case with rubber oil coating/matte finish to enhance the look of your phone</span></li><li style=\\\"list-style: disc; overflow-wrap: break-word; margin: 0px;\\\"><span class=\\\"a-list-item\\\">Easy to put &amp; take off</span></li><li style=\\\"list-style: disc; overflow-wrap: break-word; margin: 0px;\\\"><span class=\\\"a-list-item\\\">Durable, soft and flexible back case</span></li></ul>', 1),
(4, 5, 1, 0, 'OnePlus 9RT 5G', '<table class=\\\"a-normal a-spacing-micro\\\" style=\\\"width: 587.688px; color: rgb(15, 17, 17); font-family: &quot;Amazon Ember&quot;, Arial, sans-serif; margin-bottom: 4px !important;\\\"><tbody><tr class=\\\"a-spacing-small po-model_name\\\" style=\\\"margin-bottom: 8px !important;\\\"><td class=\\\"a-span3\\\" style=\\\"vertical-align: top; padding: 3px 3px 3px 0px; margin-right: 0px; width: 153.85px; float: none !important;\\\"><span class=\\\"a-size-base a-text-bold\\\" style=\\\"font-weight: 700 !important; line-height: 20px !important;\\\">Model Name</span></td><td class=\\\"a-span9\\\" style=\\\"vertical-align: top; padding: 3px 0px 3px 3px; margin-right: 0px; width: 433.837px; float: none !important;\\\"><span class=\\\"a-size-base po-break-word\\\" style=\\\"word-break: break-word; line-height: 20px !important;\\\">9RT,8-128,Nanosilver-N-cr</span></td></tr><tr class=\\\"a-spacing-small po-wireless_provider\\\" style=\\\"margin-bottom: 8px !important;\\\"><td class=\\\"a-span3\\\" style=\\\"vertical-align: top; padding: 3px 3px 3px 0px; margin-right: 0px; width: 153.85px; float: none !important;\\\"><span class=\\\"a-size-base a-text-bold\\\" style=\\\"font-weight: 700 !important; line-height: 20px !important;\\\">Network Service Provider</span></td><td class=\\\"a-span9\\\" style=\\\"vertical-align: top; padding: 3px 0px 3px 3px; margin-right: 0px; width: 433.837px; float: none !important;\\\"><span class=\\\"a-size-base po-break-word\\\" style=\\\"word-break: break-word; line-height: 20px !important;\\\">Unlocked for All Carriers</span></td></tr><tr class=\\\"a-spacing-small po-operating_system\\\" style=\\\"margin-bottom: 8px !important;\\\"><td class=\\\"a-span3\\\" style=\\\"vertical-align: top; padding: 3px 3px 3px 0px; margin-right: 0px; width: 153.85px; float: none !important;\\\"><span class=\\\"a-size-base a-text-bold\\\" style=\\\"font-weight: 700 !important; line-height: 20px !important;\\\">OS</span></td><td class=\\\"a-span9\\\" style=\\\"vertical-align: top; padding: 3px 0px 3px 3px; margin-right: 0px; width: 433.837px; float: none !important;\\\"><span class=\\\"a-size-base po-break-word\\\" style=\\\"word-break: break-word; line-height: 20px !important;\\\">Android 11.0</span></td></tr><tr class=\\\"a-spacing-small po-cellular_technology\\\" style=\\\"margin-bottom: 8px !important;\\\"><td class=\\\"a-span3\\\" style=\\\"vertical-align: top; padding: 3px 3px 0px 0px; margin-right: 0px; width: 153.85px; float: none !important;\\\"><span class=\\\"a-size-base a-text-bold\\\" style=\\\"font-weight: 700 !important; line-height: 20px !important;\\\">Cellular Technology</span></td><td class=\\\"a-span9\\\" style=\\\"vertical-align: top; padding: 3px 0px 0px 3px; margin-right: 0px; width: 433.837px; float: none !important;\\\"><span class=\\\"a-size-base po-break-word\\\" style=\\\"word-break: break-word; line-height: 20px !important;\\\">5G</span></td></tr></tbody></table><h1 class=\\\"a-size-base-plus a-text-bold\\\" style=\\\"padding: 0px 0px 4px; margin-right: 0px; margin-bottom: 0px; margin-left: 0px; text-rendering: optimizelegibility; color: rgb(15, 17, 17); font-family: &quot;Amazon Ember&quot;, Arial, sans-serif; font-weight: 700 !important; font-size: 16px !important; line-height: 24px !important;\\\">About this item</h1><ul class=\\\"a-unordered-list a-vertical a-spacing-mini\\\" style=\\\"margin-right: 0px; margin-bottom: 0px; margin-left: 18px; color: rgb(15, 17, 17); padding: 0px; font-family: &quot;Amazon Ember&quot;, Arial, sans-serif;\\\"><li style=\\\"list-style: disc; overflow-wrap: break-word; margin: 0px;\\\"><span class=\\\"a-list-item\\\">Camera: 50MP Main Camera with Sony IMX 766 Lens (OIS enabled), 16MP Ultra-wide angle camera &amp; 2MP Macrolens; Front (Selfie) Camera: 16MP; Flash: Dual LED</span></li><li style=\\\"list-style: disc; overflow-wrap: break-word; margin: 0px;\\\"><span class=\\\"a-list-item\\\">Screen: 6.62 Inches; 120 Hz Fluid AMOLED; Resolution: 2400 x 1080; Aspect Ratio: 20:9; Cover Glass: Corning Gorilla Glass</span></li><li style=\\\"list-style: disc; overflow-wrap: break-word; margin: 0px;\\\"><span class=\\\"a-list-item\\\">Operating System: OxygenOS based on Android 11, Processor: Qualcomm Snapdragon 888</span></li><li style=\\\"list-style: disc; overflow-wrap: break-word; margin: 0px;\\\"><span class=\\\"a-list-item\\\">Battery &amp; Charging: 4,500 mAh with 65T Warp Charge, 5G Enabled</span></li></ul>', 1),
(8, 6, 1, 0, 'Xiaomi-11T Pro', '<table class=\\\"a-normal a-spacing-micro\\\" style=\\\"width: 587.688px; color: rgb(15, 17, 17); font-family: \\\" amazon=\\\"\\\" ember\\\",=\\\"\\\" arial,=\\\"\\\" sans-serif;=\\\"\\\" margin-bottom:=\\\"\\\" 4px=\\\"\\\" !important;\\\"=\\\"\\\"><tbody><tr class=\\\"a-spacing-small po-model_name\\\" style=\\\"margin-bottom: 8px !important;\\\"><td class=\\\"a-span3\\\" style=\\\"vertical-align: top; padding: 3px 3px 3px 0px; margin-right: 0px; width: 153.85px; float: none !important;\\\"><br></td><td class=\\\"a-span9\\\" style=\\\"vertical-align: top; padding: 3px 0px 3px 3px; margin-right: 0px; width: 433.837px; float: none !important;\\\"><br></td></tr><tr class=\\\"a-spacing-small po-wireless_provider\\\" style=\\\"margin-bottom: 8px !important;\\\"><td class=\\\"a-span3\\\" style=\\\"vertical-align: top; padding: 3px 3px 3px 0px; margin-right: 0px; width: 153.85px; float: none !important;\\\"><span class=\\\"a-size-base a-text-bold\\\" style=\\\"font-weight: 700 !important; line-height: 20px !important;\\\">Network Service Provider</span></td><td class=\\\"a-span9\\\" style=\\\"vertical-align: top; padding: 3px 0px 3px 3px; margin-right: 0px; width: 433.837px; float: none !important;\\\"><span class=\\\"a-size-base po-break-word\\\" style=\\\"word-break: break-word; line-height: 20px !important;\\\">Unlocked for All Carriers</span></td></tr><tr class=\\\"a-spacing-small po-operating_system\\\" style=\\\"margin-bottom: 8px !important;\\\"><td class=\\\"a-span3\\\" style=\\\"vertical-align: top; padding: 3px 3px 3px 0px; margin-right: 0px; width: 153.85px; float: none !important;\\\"><span class=\\\"a-size-base a-text-bold\\\" style=\\\"font-weight: 700 !important; line-height: 20px !important;\\\">OS</span></td><td class=\\\"a-span9\\\" style=\\\"vertical-align: top; padding: 3px 0px 3px 3px; margin-right: 0px; width: 433.837px; float: none !important;\\\"><span class=\\\"a-size-base po-break-word\\\" style=\\\"word-break: break-word; line-height: 20px !important;\\\">Android 11 MIUI 12.5</span></td></tr><tr class=\\\"a-spacing-small po-cellular_technology\\\" style=\\\"margin-bottom: 8px !important;\\\"><td class=\\\"a-span3\\\" style=\\\"vertical-align: top; padding: 3px 3px 0px 0px; margin-right: 0px; width: 153.85px; float: none !important;\\\"><span class=\\\"a-size-base a-text-bold\\\" style=\\\"font-weight: 700 !important; line-height: 20px !important;\\\">Cellular Technology</span></td><td class=\\\"a-span9\\\" style=\\\"vertical-align: top; padding: 3px 0px 0px 3px; margin-right: 0px; width: 433.837px; float: none !important;\\\"><span class=\\\"a-size-base po-break-word\\\" style=\\\"word-break: break-word; line-height: 20px !important;\\\">5G, 4G LTE</span></td></tr></tbody></table><h1 class=\\\"a-size-base-plus a-text-bold\\\" style=\\\"padding: 0px 0px 4px; margin-right: 0px; margin-bottom: 0px; margin-left: 0px; text-rendering: optimizelegibility; color: rgb(15, 17, 17); font-family: \\\" amazon=\\\"\\\" ember\\\",=\\\"\\\" arial,=\\\"\\\" sans-serif;=\\\"\\\" font-weight:=\\\"\\\" 700=\\\"\\\" !important;=\\\"\\\" font-size:=\\\"\\\" 16px=\\\"\\\" line-height:=\\\"\\\" 24px=\\\"\\\" !important;\\\"=\\\"\\\">About this item</h1><ul class=\\\"a-unordered-list a-vertical a-spacing-mini\\\" style=\\\"margin-right: 0px; margin-bottom: 0px; margin-left: 18px; color: rgb(15, 17, 17); padding: 0px; font-family: \\\" amazon=\\\"\\\" ember\\\",=\\\"\\\" arial,=\\\"\\\" sans-serif;\\\"=\\\"\\\"><li style=\\\"list-style: disc; overflow-wrap: break-word; margin: 0px;\\\"><span class=\\\"a-list-item\\\">The 5G enabled flagship Snapdragon 888 chipset is designed on a 5nm fab process and is paired with LPDDR5 RAM and UFS 3.1 storage to ensure ultra-smooth performance and seamless multitasking experience.</span></li><li style=\\\"list-style: disc; overflow-wrap: break-word; margin: 0px;\\\"><span class=\\\"a-list-item\\\">The 6.67\\\" FHD+ true 10-bit AMOLED display has a 120 Hz refresh rate along with 480Hz touch sampling rate. This Displaymate A+ certified panel brings vivid picture, smoother and faster touch response. It also comes with Dolby Vision, HDR 10+ certification to ensure unparalled multimedia viewing experience. Also the display is protected by Corning Gorilla Victus glass.</span></li><li style=\\\"list-style: disc; overflow-wrap: break-word; margin: 0px;\\\"><span class=\\\"a-list-item\\\">The flaship 108MP HM2 sensor, 8MP Ultra-Wide sensor and 5MP TeleMacro sensor ensures flawless photography as well as Videography in all scenarios and lighting conditions. The device supports 8K video recording and comes with several easy-to-use photography and videography modes so that everyone can capture proffessional grade images and videos with least effort.</span></li></ul>', 1),
(9, 4, 2, 2, 'Vivo Y22 Back cover', '<table class=\\\"a-normal a-spacing-micro\\\" style=\\\"width: 587.688px; color: rgb(15, 17, 17); font-family: &quot;Amazon Ember&quot;, Arial, sans-serif; margin-bottom: 4px !important;\\\"><tbody><tr class=\\\"a-spacing-small po-color\\\" style=\\\"margin-bottom: 8px !important;\\\"><td class=\\\"a-span3\\\" style=\\\"vertical-align: top; padding: 3px 3px 3px 0px; margin-right: 0px; width: 153.85px; float: none !important;\\\"><span class=\\\"a-size-base a-text-bold\\\" style=\\\"font-weight: 700 !important; line-height: 20px !important;\\\">Colour</span></td><td class=\\\"a-span9\\\" style=\\\"vertical-align: top; padding: 3px 0px 3px 3px; margin-right: 0px; width: 433.837px; float: none !important;\\\"><span class=\\\"a-size-base po-break-word\\\" style=\\\"word-break: break-word; line-height: 20px !important;\\\">Pink</span></td></tr><tr class=\\\"a-spacing-small po-form_factor\\\" style=\\\"margin-bottom: 8px !important;\\\"><td class=\\\"a-span3\\\" style=\\\"vertical-align: top; padding: 3px 3px 3px 0px; margin-right: 0px; width: 153.85px; float: none !important;\\\"><span class=\\\"a-size-base a-text-bold\\\" style=\\\"font-weight: 700 !important; line-height: 20px !important;\\\">Form Factor</span></td><td class=\\\"a-span9\\\" style=\\\"vertical-align: top; padding: 3px 0px 3px 3px; margin-right: 0px; width: 433.837px; float: none !important;\\\"><span class=\\\"a-size-base po-break-word\\\" style=\\\"word-break: break-word; line-height: 20px !important;\\\">Basic Case</span></td></tr><tr class=\\\"a-spacing-small po-compatible_phone_models\\\" style=\\\"margin-bottom: 8px !important;\\\"><td class=\\\"a-span3\\\" style=\\\"vertical-align: top; padding: 3px 3px 3px 0px; margin-right: 0px; width: 153.85px; float: none !important;\\\"><span class=\\\"a-size-base a-text-bold\\\" style=\\\"font-weight: 700 !important; line-height: 20px !important;\\\">Compatible Phone Models</span></td><td class=\\\"a-span9\\\" style=\\\"vertical-align: top; padding: 3px 0px 3px 3px; margin-right: 0px; width: 433.837px; float: none !important;\\\"><span class=\\\"a-size-base po-break-word\\\" style=\\\"word-break: break-word; line-height: 20px !important;\\\">Vivo Y22</span></td></tr><tr class=\\\"a-spacing-small po-material\\\" style=\\\"margin-bottom: 8px !important;\\\"><td class=\\\"a-span3\\\" style=\\\"vertical-align: top; padding: 3px 3px 0px 0px; margin-right: 0px; width: 153.85px; float: none !important;\\\"><span class=\\\"a-size-base a-text-bold\\\" style=\\\"font-weight: 700 !important; line-height: 20px !important;\\\">Material</span></td><td class=\\\"a-span9\\\" style=\\\"vertical-align: top; padding: 3px 0px 0px 3px; margin-right: 0px; width: 433.837px; float: none !important;\\\"><span class=\\\"a-size-base po-break-word\\\" style=\\\"word-break: break-word; line-height: 20px !important;\\\">Rubber</span></td></tr></tbody></table><h1 class=\\\"a-size-base-plus a-text-bold\\\" style=\\\"padding: 0px 0px 4px; margin-right: 0px; margin-bottom: 0px; margin-left: 0px; text-rendering: optimizelegibility; color: rgb(15, 17, 17); font-family: &quot;Amazon Ember&quot;, Arial, sans-serif; font-weight: 700 !important; font-size: 16px !important; line-height: 24px !important;\\\">About this item</h1><ul class=\\\"a-unordered-list a-vertical a-spacing-mini\\\" style=\\\"margin-right: 0px; margin-bottom: 0px; margin-left: 18px; color: rgb(15, 17, 17); padding: 0px; font-family: &quot;Amazon Ember&quot;, Arial, sans-serif;\\\"><li style=\\\"list-style: disc; overflow-wrap: break-word; margin: 0px;\\\"><span class=\\\"a-list-item\\\">Covers all sides of the device</span></li><li style=\\\"list-style: disc; overflow-wrap: break-word; margin: 0px;\\\"><span class=\\\"a-list-item\\\">Cute Hello Kity Pattern</span></li><li style=\\\"list-style: disc; overflow-wrap: break-word; margin: 0px;\\\"><span class=\\\"a-list-item\\\">Soft Texture Colorful</span></li><li style=\\\"list-style: disc; overflow-wrap: break-word; margin: 0px;\\\"><span class=\\\"a-list-item\\\">Sleek attractive and practical this Smart Mobile back casing will bring a smile to any Smart Mobile lover in your life as a gift on any special gifting occasion.</span></li></ul>', 1),
(11, 3, 4, 0, ' Samsung SD-Card', '<p><span class=\\\"a-size-base a-text-bold\\\" style=\\\"font-weight: 700 !important; line-height: 20px !important;\\\">Flash Memory Type </span><span class=\\\"a-size-base po-break-word\\\" style=\\\"word-break: break-word; line-height: 20px !important;\\\">Micro SDXC</span></p><p><span class=\\\"a-size-base a-text-bold\\\" style=\\\"font-size: 0.875rem; font-weight: 700 !important; line-height: 20px !important;\\\">Memory Storage Capacity </span><span class=\\\"a-size-base po-break-word\\\" style=\\\"font-size: 0.875rem; word-break: break-word; line-height: 20px !important;\\\">64 GB</span></p><p><span class=\\\"a-size-base a-text-bold\\\" style=\\\"font-size: 0.875rem; font-weight: 700 !important; line-height: 20px !important;\\\">Compatible Devices </span><span class=\\\"a-size-base po-break-word\\\" style=\\\"font-size: 0.875rem; word-break: break-word; line-height: 20px !important;\\\">Laptop, Personal Computer, Tablet, Camera, Smartphone</span></p><p><span class=\\\"a-size-base a-text-bold\\\" style=\\\"font-size: 0.875rem; font-weight: 700 !important; line-height: 20px !important;\\\">Special Feature </span><span class=\\\"a-size-base po-break-word\\\" style=\\\"font-size: 0.875rem; word-break: break-word; line-height: 20px !important;\\\">Temperature Proof</span></p><p><span class=\\\"a-size-base a-text-bold\\\" style=\\\"font-size: 0.875rem; font-weight: 700 !important; line-height: 20px !important;\\\">Read Speed </span><span class=\\\"a-size-base po-break-word\\\" style=\\\"font-size: 0.875rem; word-break: break-word; line-height: 20px !important;\\\">130 Megabytes Per Second</span></p><h1 class=\\\"a-size-base-plus a-text-bold\\\" style=\\\"padding: 0px 0px 4px; margin-right: 0px; margin-bottom: 0px; margin-left: 0px; text-rendering: optimizelegibility; color: rgb(15, 17, 17); font-family: \\\"Amazon Ember\\\", Arial, sans-serif; font-weight: 700 !important; font-size: 16px !important; line-height: 24px !important;\\\">About this item</h1><ul class=\\\"a-unordered-list a-vertical a-spacing-mini\\\" style=\\\"margin-right: 0px; margin-bottom: 0px; margin-left: 18px; color: rgb(15, 17, 17); padding: 0px; font-family: \\\"Amazon Ember\\\", Arial, sans-serif;\\\"><li style=\\\"list-style: disc; overflow-wrap: break-word; margin: 0px;\\\"><span class=\\\"a-list-item\\\">Up to 130MB/s read speed with UHS-I interface. Performance varies by capacity.</span></li><li style=\\\"list-style: disc; overflow-wrap: break-word; margin: 0px;\\\"><span class=\\\"a-list-item\\\">Works with cell phones, smartphones, Android tablets, tablet PCs, and more.</span></li><li style=\\\"list-style: disc; overflow-wrap: break-word; margin: 0px;\\\"><span class=\\\"a-list-item\\\">6-Proof protection: Waterproof, Temperature proof, X-ray proof, Magnet proof, Drop proof, Wearout proof</span></li></ul><p><br></p>', 1),
(12, 3, 2, 2, 'Samsung S21 Back cover', '<table class=\\\"a-normal a-spacing-micro\\\" style=\\\"width: 587.688px; color: rgb(15, 17, 17); font-family: &quot;Amazon Ember&quot;, Arial, sans-serif; margin-bottom: 4px !important;\\\"><tbody><tr class=\\\"a-spacing-small po-brand\\\" style=\\\"margin-bottom: 8px !important;\\\"><td class=\\\"a-span3\\\" style=\\\"vertical-align: top; padding: 0px 3px 3px 0px; margin-right: 0px; width: 153.85px; float: none !important;\\\"><span class=\\\"a-size-base a-text-bold\\\" style=\\\"font-weight: 700 !important; line-height: 20px !important;\\\">Brand</span></td><td class=\\\"a-span9\\\" style=\\\"vertical-align: top; padding: 0px 0px 3px 3px; margin-right: 0px; width: 433.837px; float: none !important;\\\"><span class=\\\"a-size-base po-break-word\\\" style=\\\"word-break: break-word; line-height: 20px !important;\\\">KAPA</span></td></tr><tr class=\\\"a-spacing-small po-color\\\" style=\\\"margin-bottom: 8px !important;\\\"><td class=\\\"a-span3\\\" style=\\\"vertical-align: top; padding: 3px 3px 3px 0px; margin-right: 0px; width: 153.85px; float: none !important;\\\"><span class=\\\"a-size-base a-text-bold\\\" style=\\\"font-weight: 700 !important; line-height: 20px !important;\\\">Colour</span></td><td class=\\\"a-span9\\\" style=\\\"vertical-align: top; padding: 3px 0px 3px 3px; margin-right: 0px; width: 433.837px; float: none !important;\\\"><span class=\\\"a-size-base po-break-word\\\" style=\\\"word-break: break-word; line-height: 20px !important;\\\">Black</span></td></tr><tr class=\\\"a-spacing-small po-form_factor\\\" style=\\\"margin-bottom: 8px !important;\\\"><td class=\\\"a-span3\\\" style=\\\"vertical-align: top; padding: 3px 3px 3px 0px; margin-right: 0px; width: 153.85px; float: none !important;\\\"><span class=\\\"a-size-base a-text-bold\\\" style=\\\"font-weight: 700 !important; line-height: 20px !important;\\\">Form Factor</span></td><td class=\\\"a-span9\\\" style=\\\"vertical-align: top; padding: 3px 0px 3px 3px; margin-right: 0px; width: 433.837px; float: none !important;\\\"><span class=\\\"a-size-base po-break-word\\\" style=\\\"word-break: break-word; line-height: 20px !important;\\\">Back Cover</span></td></tr><tr class=\\\"a-spacing-small po-compatible_phone_models\\\" style=\\\"margin-bottom: 8px !important;\\\"><td class=\\\"a-span3\\\" style=\\\"vertical-align: top; padding: 3px 3px 3px 0px; margin-right: 0px; width: 153.85px; float: none !important;\\\"><span class=\\\"a-size-base a-text-bold\\\" style=\\\"font-weight: 700 !important; line-height: 20px !important;\\\">Compatible Phone Models</span></td><td class=\\\"a-span9\\\" style=\\\"vertical-align: top; padding: 3px 0px 3px 3px; margin-right: 0px; width: 433.837px; float: none !important;\\\"><span class=\\\"a-size-base po-break-word\\\" style=\\\"word-break: break-word; line-height: 20px !important;\\\">Samsung</span></td></tr><tr class=\\\"a-spacing-small po-material\\\" style=\\\"margin-bottom: 8px !important;\\\"><td class=\\\"a-span3\\\" style=\\\"vertical-align: top; padding: 3px 3px 0px 0px; margin-right: 0px; width: 153.85px; float: none !important;\\\"><span class=\\\"a-size-base a-text-bold\\\" style=\\\"font-weight: 700 !important; line-height: 20px !important;\\\">Material</span></td><td class=\\\"a-span9\\\" style=\\\"vertical-align: top; padding: 3px 0px 0px 3px; margin-right: 0px; width: 433.837px; float: none !important;\\\"><span class=\\\"a-size-base po-break-word\\\" style=\\\"word-break: break-word; line-height: 20px !important;\\\">Polycarbonate</span></td></tr></tbody></table><h1 class=\\\"a-size-base-plus a-text-bold\\\" style=\\\"padding: 0px 0px 4px; margin-right: 0px; margin-bottom: 0px; margin-left: 0px; text-rendering: optimizelegibility; color: rgb(15, 17, 17); font-family: &quot;Amazon Ember&quot;, Arial, sans-serif; font-weight: 700 !important; font-size: 16px !important; line-height: 24px !important;\\\">About this item</h1><ul class=\\\"a-unordered-list a-vertical a-spacing-mini\\\" style=\\\"margin-right: 0px; margin-bottom: 0px; margin-left: 18px; color: rgb(15, 17, 17); padding: 0px; font-family: &quot;Amazon Ember&quot;, Arial, sans-serif;\\\"><li style=\\\"list-style: disc; overflow-wrap: break-word; margin: 0px;\\\"><span class=\\\"a-list-item\\\">✅【Perfectly Compatible】 Back Cover Case For Samsung Galaxy S21 Ultra</span></li><li style=\\\"list-style: disc; overflow-wrap: break-word; margin: 0px;\\\"><span class=\\\"a-list-item\\\">✅ Made from Soft Fabric on the Back which gives premium look and better grip to phone</span></li><li style=\\\"list-style: disc; overflow-wrap: break-word; margin: 0px;\\\"><span class=\\\"a-list-item\\\">✅ Camera lens protection: Higher than camera surface prevents lens from directly touching the surface, thus protecting it</span></li><li style=\\\"list-style: disc; overflow-wrap: break-word; margin: 0px;\\\"><span class=\\\"a-list-item\\\">✅ Made with environmentally-friendly, non-toxic premium-grade Matte Finish TPU frame that cushions the Phone from shocks and bumps</span></li><li style=\\\"list-style: disc; overflow-wrap: break-word; margin: 0px;\\\"><span class=\\\"a-list-item\\\">✅ 360 protection: Covers each and every corner of phone , providing complete protection</span></li></ul>', 1),
(15, 4, 1, 0, 'Vivo Y22', '<table class=\\\"a-normal a-spacing-micro\\\" style=\\\"width: 390.05px; color: rgb(15, 17, 17); font-family: &quot;Amazon Ember&quot;, Arial, sans-serif; margin-bottom: 4px !important;\\\"><tbody><tr class=\\\"a-spacing-small po-model_name\\\" style=\\\"margin-bottom: 8px !important;\\\"><td class=\\\"a-span3\\\" style=\\\"vertical-align: top; padding: 3px 3px 3px 0px; margin-right: 0px; width: 102.113px; float: none !important;\\\"><span class=\\\"a-size-base a-text-bold\\\" style=\\\"font-weight: 700 !important; line-height: 20px !important;\\\">Model Name</span></td><td class=\\\"a-span9\\\" style=\\\"vertical-align: top; padding: 3px 0px 3px 3px; margin-right: 0px; width: 287.938px; float: none !important;\\\"><span class=\\\"a-size-base po-break-word\\\" style=\\\"word-break: break-word; line-height: 20px !important;\\\">Y22</span></td></tr><tr class=\\\"a-spacing-small po-wireless_provider\\\" style=\\\"margin-bottom: 8px !important;\\\"><td class=\\\"a-span3\\\" style=\\\"vertical-align: top; padding: 3px 3px 3px 0px; margin-right: 0px; width: 102.113px; float: none !important;\\\"><span class=\\\"a-size-base a-text-bold\\\" style=\\\"font-weight: 700 !important; line-height: 20px !important;\\\">Network Service Provider</span></td><td class=\\\"a-span9\\\" style=\\\"vertical-align: top; padding: 3px 0px 3px 3px; margin-right: 0px; width: 287.938px; float: none !important;\\\"><span class=\\\"a-size-base po-break-word\\\" style=\\\"word-break: break-word; line-height: 20px !important;\\\">Unlocked for All Carriers</span></td></tr><tr class=\\\"a-spacing-small po-operating_system\\\" style=\\\"margin-bottom: 8px !important;\\\"><td class=\\\"a-span3\\\" style=\\\"vertical-align: top; padding: 3px 3px 3px 0px; margin-right: 0px; width: 102.113px; float: none !important;\\\"><span class=\\\"a-size-base a-text-bold\\\" style=\\\"font-weight: 700 !important; line-height: 20px !important;\\\">OS</span></td><td class=\\\"a-span9\\\" style=\\\"vertical-align: top; padding: 3px 0px 3px 3px; margin-right: 0px; width: 287.938px; float: none !important;\\\"><span class=\\\"a-size-base po-break-word\\\" style=\\\"word-break: break-word; line-height: 20px !important;\\\">FunTouch OS 12</span></td></tr><tr class=\\\"a-spacing-small po-cellular_technology\\\" style=\\\"margin-bottom: 8px !important;\\\"><td class=\\\"a-span3\\\" style=\\\"vertical-align: top; padding: 3px 3px 0px 0px; margin-right: 0px; width: 102.113px; float: none !important;\\\"><span class=\\\"a-size-base a-text-bold\\\" style=\\\"font-weight: 700 !important; line-height: 20px !important;\\\">Cellular Technology</span></td><td class=\\\"a-span9\\\" style=\\\"vertical-align: top; padding: 3px 0px 0px 3px; margin-right: 0px; width: 287.938px; float: none !important;\\\"><span class=\\\"a-size-base po-break-word\\\" style=\\\"word-break: break-word; line-height: 20px !important;\\\">4G</span></td></tr></tbody></table><h1 class=\\\"a-size-base-plus a-text-bold\\\" style=\\\"padding: 0px 0px 4px; margin-right: 0px; margin-bottom: 0px; margin-left: 0px; text-rendering: optimizelegibility; color: rgb(15, 17, 17); font-family: &quot;Amazon Ember&quot;, Arial, sans-serif; font-weight: 700 !important; font-size: 16px !important; line-height: 24px !important;\\\">About this item</h1><ul class=\\\"a-unordered-list a-vertical a-spacing-mini\\\" style=\\\"margin-right: 0px; margin-bottom: 0px; margin-left: 18px; color: rgb(15, 17, 17); padding: 0px; font-family: &quot;Amazon Ember&quot;, Arial, sans-serif;\\\"><li style=\\\"list-style: disc; overflow-wrap: break-word; margin: 0px;\\\"><span class=\\\"a-list-item\\\">50MP+2MP Rear Camera | 8MP Selfie Camera</span></li><li style=\\\"list-style: disc; overflow-wrap: break-word; margin: 0px;\\\"><span class=\\\"a-list-item\\\">16.63 cm (6.55\\\" inch) HD+ LCD Display</span></li><li style=\\\"list-style: disc; overflow-wrap: break-word; margin: 0px;\\\"><span class=\\\"a-list-item\\\">Memory &amp; SIM: 4GB RAM | 64GB internal memory</span></li><li style=\\\"list-style: disc; overflow-wrap: break-word; margin: 0px;\\\"><span class=\\\"a-list-item\\\">18W fast charging with 5000mAh battery</span></li></ul>', 1),
(18, 5, 2, 2, 'OnePlus 9RT 5G back cover', '<table class=\\\"a-normal a-spacing-micro\\\" style=\\\"width: 587.688px; color: rgb(15, 17, 17); font-family: &quot;Amazon Ember&quot;, Arial, sans-serif; margin-bottom: 4px !important;\\\"><tbody><tr class=\\\"a-spacing-small po-brand\\\" style=\\\"margin-bottom: 8px !important;\\\"><td class=\\\"a-span3\\\" style=\\\"vertical-align: top; padding: 0px 3px 3px 0px; margin-right: 0px; width: 153.85px; float: none !important;\\\"><span class=\\\"a-size-base a-text-bold\\\" style=\\\"font-weight: 700 !important; line-height: 20px !important;\\\">Brand</span></td><td class=\\\"a-span9\\\" style=\\\"vertical-align: top; padding: 0px 0px 3px 3px; margin-right: 0px; width: 433.837px; float: none !important;\\\"><span class=\\\"a-size-base po-break-word\\\" style=\\\"word-break: break-word; line-height: 20px !important;\\\">Spigen</span></td></tr><tr class=\\\"a-spacing-small po-color\\\" style=\\\"margin-bottom: 8px !important;\\\"><td class=\\\"a-span3\\\" style=\\\"vertical-align: top; padding: 3px 3px 3px 0px; margin-right: 0px; width: 153.85px; float: none !important;\\\"><span class=\\\"a-size-base a-text-bold\\\" style=\\\"font-weight: 700 !important; line-height: 20px !important;\\\">Colour</span></td><td class=\\\"a-span9\\\" style=\\\"vertical-align: top; padding: 3px 0px 3px 3px; margin-right: 0px; width: 433.837px; float: none !important;\\\"><span class=\\\"a-size-base po-break-word\\\" style=\\\"word-break: break-word; line-height: 20px !important;\\\">Matte Black</span></td></tr><tr class=\\\"a-spacing-small po-form_factor\\\" style=\\\"margin-bottom: 8px !important;\\\"><td class=\\\"a-span3\\\" style=\\\"vertical-align: top; padding: 3px 3px 3px 0px; margin-right: 0px; width: 153.85px; float: none !important;\\\"><span class=\\\"a-size-base a-text-bold\\\" style=\\\"font-weight: 700 !important; line-height: 20px !important;\\\">Form Factor</span></td><td class=\\\"a-span9\\\" style=\\\"vertical-align: top; padding: 3px 0px 3px 3px; margin-right: 0px; width: 433.837px; float: none !important;\\\"><span class=\\\"a-size-base po-break-word\\\" style=\\\"word-break: break-word; line-height: 20px !important;\\\">Back cover</span></td></tr><tr class=\\\"a-spacing-small po-compatible_phone_models\\\" style=\\\"margin-bottom: 8px !important;\\\"><td class=\\\"a-span3\\\" style=\\\"vertical-align: top; padding: 3px 3px 3px 0px; margin-right: 0px; width: 153.85px; float: none !important;\\\"><span class=\\\"a-size-base a-text-bold\\\" style=\\\"font-weight: 700 !important; line-height: 20px !important;\\\">Compatible Phone Models</span></td><td class=\\\"a-span9\\\" style=\\\"vertical-align: top; padding: 3px 0px 3px 3px; margin-right: 0px; width: 433.837px; float: none !important;\\\"><span class=\\\"a-size-base po-break-word\\\" style=\\\"word-break: break-word; line-height: 20px !important;\\\">OnePlus 9RT</span></td></tr><tr class=\\\"a-spacing-small po-material\\\" style=\\\"margin-bottom: 8px !important;\\\"><td class=\\\"a-span3\\\" style=\\\"vertical-align: top; padding: 3px 3px 0px 0px; margin-right: 0px; width: 153.85px; float: none !important;\\\"><span class=\\\"a-size-base a-text-bold\\\" style=\\\"font-weight: 700 !important; line-height: 20px !important;\\\">Material</span></td><td class=\\\"a-span9\\\" style=\\\"vertical-align: top; padding: 3px 0px 0px 3px; margin-right: 0px; width: 433.837px; float: none !important;\\\"><span class=\\\"a-size-base po-break-word\\\" style=\\\"word-break: break-word; line-height: 20px !important;\\\">TPU</span></td></tr></tbody></table><h1 class=\\\"a-size-base-plus a-text-bold\\\" style=\\\"padding: 0px 0px 4px; margin-right: 0px; margin-bottom: 0px; margin-left: 0px; text-rendering: optimizelegibility; color: rgb(15, 17, 17); font-family: &quot;Amazon Ember&quot;, Arial, sans-serif; font-weight: 700 !important; font-size: 16px !important; line-height: 24px !important;\\\">About this item</h1><ul class=\\\"a-unordered-list a-vertical a-spacing-mini\\\" style=\\\"margin-right: 0px; margin-bottom: 0px; margin-left: 18px; color: rgb(15, 17, 17); padding: 0px; font-family: &quot;Amazon Ember&quot;, Arial, sans-serif;\\\"><li style=\\\"list-style: disc; overflow-wrap: break-word; margin: 0px;\\\"><span class=\\\"a-list-item\\\">[Compatibility] Spigen Genuine Case Compatible with OnePlus 9RT 5G</span></li><li style=\\\"list-style: disc; overflow-wrap: break-word; margin: 0px;\\\"><span class=\\\"a-list-item\\\">[Color Name] Matte Black</span></li><li style=\\\"list-style: disc; overflow-wrap: break-word; margin: 0px;\\\"><span class=\\\"a-list-item\\\">[Protection] Air Cushion Technology applied to protect all for 4 corners. Protect against drops, scratches and accidental falls</span></li><li style=\\\"list-style: disc; overflow-wrap: break-word; margin: 0px;\\\"><span class=\\\"a-list-item\\\">[Material] Flexible TPU, durable material. Anti-slip matte surface gives fingerprint-resistance and comfort in every grip</span></li></ul>', 1);
INSERT INTO `products` (`id`, `brand_id`, `category_id`, `sub_category_id`, `name`, `specs`, `status`) VALUES
(19, 6, 2, 2, 'Xiaomi-11T Pro Back cover', '<table class=\\\"a-normal a-spacing-micro\\\" style=\\\"width: 587.688px; color: rgb(15, 17, 17); font-family: &quot;Amazon Ember&quot;, Arial, sans-serif; margin-bottom: 4px !important;\\\"><tbody><tr class=\\\"a-spacing-small po-color\\\" style=\\\"margin-bottom: 8px !important;\\\"><td class=\\\"a-span3\\\" style=\\\"vertical-align: top; padding: 3px 3px 3px 0px; margin-right: 0px; width: 153.85px; float: none !important;\\\"><span class=\\\"a-size-base a-text-bold\\\" style=\\\"font-weight: 700 !important; line-height: 20px !important;\\\">Colour</span></td><td class=\\\"a-span9\\\" style=\\\"vertical-align: top; padding: 3px 0px 3px 3px; margin-right: 0px; width: 433.837px; float: none !important;\\\"><span class=\\\"a-size-base po-break-word\\\" style=\\\"word-break: break-word; line-height: 20px !important;\\\">Matte Black</span></td></tr><tr class=\\\"a-spacing-small po-form_factor\\\" style=\\\"margin-bottom: 8px !important;\\\"><td class=\\\"a-span3\\\" style=\\\"vertical-align: top; padding: 3px 3px 3px 0px; margin-right: 0px; width: 153.85px; float: none !important;\\\"><span class=\\\"a-size-base a-text-bold\\\" style=\\\"font-weight: 700 !important; line-height: 20px !important;\\\">Form Factor</span></td><td class=\\\"a-span9\\\" style=\\\"vertical-align: top; padding: 3px 0px 3px 3px; margin-right: 0px; width: 433.837px; float: none !important;\\\"><span class=\\\"a-size-base po-break-word\\\" style=\\\"word-break: break-word; line-height: 20px !important;\\\">Back Cover</span></td></tr><tr class=\\\"a-spacing-small po-compatible_phone_models\\\" style=\\\"margin-bottom: 8px !important;\\\"><td class=\\\"a-span3\\\" style=\\\"vertical-align: top; padding: 3px 3px 3px 0px; margin-right: 0px; width: 153.85px; float: none !important;\\\"><span class=\\\"a-size-base a-text-bold\\\" style=\\\"font-weight: 700 !important; line-height: 20px !important;\\\">Compatible Phone Models</span></td><td class=\\\"a-span9\\\" style=\\\"vertical-align: top; padding: 3px 0px 3px 3px; margin-right: 0px; width: 433.837px; float: none !important;\\\"><span class=\\\"a-size-base po-break-word\\\" style=\\\"word-break: break-word; line-height: 20px !important;\\\">Xiaomi 11T Pro 5G, Xiaomi 11T Pro 5G Hyperphone</span></td></tr><tr class=\\\"a-spacing-small po-material\\\" style=\\\"margin-bottom: 8px !important;\\\"><td class=\\\"a-span3\\\" style=\\\"vertical-align: top; padding: 3px 3px 0px 0px; margin-right: 0px; width: 153.85px; float: none !important;\\\"><span class=\\\"a-size-base a-text-bold\\\" style=\\\"font-weight: 700 !important; line-height: 20px !important;\\\">Material</span></td><td class=\\\"a-span9\\\" style=\\\"vertical-align: top; padding: 3px 0px 0px 3px; margin-right: 0px; width: 433.837px; float: none !important;\\\"><span class=\\\"a-size-base po-break-word\\\" style=\\\"word-break: break-word; line-height: 20px !important;\\\">TPU</span></td></tr></tbody></table><h1 class=\\\"a-size-base-plus a-text-bold\\\" style=\\\"padding: 0px 0px 4px; margin-right: 0px; margin-bottom: 0px; margin-left: 0px; text-rendering: optimizelegibility; color: rgb(15, 17, 17); font-family: &quot;Amazon Ember&quot;, Arial, sans-serif; font-weight: 700 !important; font-size: 16px !important; line-height: 24px !important;\\\">About this item</h1><ul class=\\\"a-unordered-list a-vertical a-spacing-mini\\\" style=\\\"margin-right: 0px; margin-bottom: 0px; margin-left: 18px; color: rgb(15, 17, 17); padding: 0px; font-family: &quot;Amazon Ember&quot;, Arial, sans-serif;\\\"><li style=\\\"list-style: disc; overflow-wrap: break-word; margin: 0px;\\\"><span class=\\\"a-list-item\\\">[Compatibility] Spigen Genuine Case Compatible with Xiaomi 11T Pro 5G Hyperphone and Xiaomi 11T Pro 5G</span></li><li style=\\\"list-style: disc; overflow-wrap: break-word; margin: 0px;\\\"><span class=\\\"a-list-item\\\">[Color Name] Matte Black</span></li><li style=\\\"list-style: disc; overflow-wrap: break-word; margin: 0px;\\\"><span class=\\\"a-list-item\\\">[Case Cover Type] Back Cover Case</span></li><li style=\\\"list-style: disc; overflow-wrap: break-word; margin: 0px;\\\"><span class=\\\"a-list-item\\\">[Protection] Air Cushion Technology applied to protect all for 4 corners. Protect against drops, scratches and accidental falls</span></li><li style=\\\"list-style: disc; overflow-wrap: break-word; margin: 0px;\\\"><span class=\\\"a-list-item\\\">[Material] Flexible TPU, durable material. Anti-slip matte surface gives fingerprint-resistance and comfort in every grip</span></li></ul>', 1),
(20, 9, 4, 3, 'Sony SD-Card 256 GB', '<div aria-expanded=\\\"false\\\" class=\\\"a-expander-content a-expander-partial-collapse-content\\\" style=\\\"overflow: hidden; position: relative; color: rgb(15, 17, 17); font-family: &quot;Amazon Ember&quot;, Arial, sans-serif; padding-bottom: 20px;\\\"><div class=\\\"a-section a-spacing-small a-spacing-top-small\\\" style=\\\"margin-bottom: 0px; margin-top: 8px !important;\\\"><table class=\\\"a-normal a-spacing-micro\\\" style=\\\"width: 390.05px; margin-bottom: 4px !important;\\\"><tbody><tr class=\\\"a-spacing-small po-brand\\\" style=\\\"margin-bottom: 8px !important;\\\"><td class=\\\"a-span3\\\" style=\\\"vertical-align: top; padding: 0px 3px 3px 0px; margin-right: 0px; width: 93.4125px; float: none !important;\\\"><span class=\\\"a-size-base a-text-bold\\\" style=\\\"font-weight: 700 !important; line-height: 20px !important;\\\">Brand</span></td><td class=\\\"a-span9\\\" style=\\\"vertical-align: top; padding: 0px 0px 3px 3px; margin-right: 0px; width: 296.638px; float: none !important;\\\"><span class=\\\"a-size-base po-break-word\\\" style=\\\"word-break: break-word; line-height: 20px !important;\\\">Sony</span></td></tr><tr class=\\\"a-spacing-small po-flash_memory.type\\\" style=\\\"margin-bottom: 8px !important;\\\"><td class=\\\"a-span3\\\" style=\\\"vertical-align: top; padding: 3px 3px 3px 0px; margin-right: 0px; width: 93.4125px; float: none !important;\\\"><span class=\\\"a-size-base a-text-bold\\\" style=\\\"font-weight: 700 !important; line-height: 20px !important;\\\">Flash Memory Type</span></td><td class=\\\"a-span9\\\" style=\\\"vertical-align: top; padding: 3px 0px 3px 3px; margin-right: 0px; width: 296.638px; float: none !important;\\\"><span class=\\\"a-size-base po-break-word\\\" style=\\\"word-break: break-word; line-height: 20px !important;\\\">SD</span></td></tr><tr class=\\\"a-spacing-small po-memory_storage_capacity\\\" style=\\\"margin-bottom: 8px !important;\\\"><td class=\\\"a-span3\\\" style=\\\"vertical-align: top; padding: 3px 3px 3px 0px; margin-right: 0px; width: 93.4125px; float: none !important;\\\"><span class=\\\"a-size-base a-text-bold\\\" style=\\\"font-weight: 700 !important; line-height: 20px !important;\\\">Memory Storage Capacity</span></td><td class=\\\"a-span9\\\" style=\\\"vertical-align: top; padding: 3px 0px 3px 3px; margin-right: 0px; width: 296.638px; float: none !important;\\\"><span class=\\\"a-size-base po-break-word\\\" style=\\\"word-break: break-word; line-height: 20px !important;\\\">256GB</span></td></tr><tr class=\\\"a-spacing-small po-compatible_devices\\\" style=\\\"margin-bottom: 8px !important;\\\"><td class=\\\"a-span3\\\" style=\\\"vertical-align: top; padding: 3px 3px 3px 0px; margin-right: 0px; width: 93.4125px; float: none !important;\\\"><span class=\\\"a-size-base a-text-bold\\\" style=\\\"font-weight: 700 !important; line-height: 20px !important;\\\">Compatible Devices</span></td><td class=\\\"a-span9\\\" style=\\\"vertical-align: top; padding: 3px 0px 3px 3px; margin-right: 0px; width: 296.638px; float: none !important;\\\"><span class=\\\"a-size-base po-break-word\\\" style=\\\"word-break: break-word; line-height: 20px !important;\\\">Personal Computer, Camera</span></td></tr><tr class=\\\"a-spacing-small po-special_feature\\\" style=\\\"margin-bottom: 8px !important;\\\"><td class=\\\"a-span3\\\" style=\\\"vertical-align: top; padding: 3px 3px 3px 0px; margin-right: 0px; width: 93.4125px; float: none !important;\\\"><span class=\\\"a-size-base a-text-bold\\\" style=\\\"font-weight: 700 !important; line-height: 20px !important;\\\">Special Feature</span></td><td class=\\\"a-span9\\\" style=\\\"vertical-align: top; padding: 3px 0px 3px 3px; margin-right: 0px; width: 296.638px; float: none !important;\\\"><span class=\\\"a-size-base po-break-word\\\" style=\\\"word-break: break-word; line-height: 20px !important;\\\">Temperature Proof</span></td></tr><tr class=\\\"a-spacing-small po-read_speed\\\" style=\\\"margin-bottom: 8px !important;\\\"><td class=\\\"a-span3\\\" style=\\\"vertical-align: top; padding: 3px 3px 3px 0px; margin-right: 0px; width: 93.4125px; float: none !important;\\\"><span class=\\\"a-size-base a-text-bold\\\" style=\\\"font-weight: 700 !important; line-height: 20px !important;\\\">Read Speed</span></td><td class=\\\"a-span9\\\" style=\\\"vertical-align: top; padding: 3px 0px 3px 3px; margin-right: 0px; width: 296.638px; float: none !important;\\\"><span class=\\\"a-size-base po-break-word\\\" style=\\\"word-break: break-word; line-height: 20px !important;\\\">260 Megabytes Per Second</span></td></tr><tr class=\\\"a-spacing-small po-item_weight\\\" style=\\\"margin-bottom: 8px !important;\\\"><td class=\\\"a-span3\\\" style=\\\"vertical-align: top; padding: 3px 3px 3px 0px; margin-right: 0px; width: 93.4125px; float: none !important;\\\"><span class=\\\"a-size-base a-text-bold\\\" style=\\\"font-weight: 700 !important; line-height: 20px !important;\\\">Item Weight</span></td><td class=\\\"a-span9\\\" style=\\\"vertical-align: top; padding: 3px 0px 3px 3px; margin-right: 0px; width: 296.638px; float: none !important;\\\"><span class=\\\"a-size-base po-break-word\\\" style=\\\"word-break: break-word; line-height: 20px !important;\\\">0.06 Pounds</span></td></tr><tr class=\\\"a-spacing-small po-write_speed\\\" style=\\\"margin-bottom: 8px !important;\\\"><td class=\\\"a-span3\\\" style=\\\"vertical-align: top; padding: 3px 3px 3px 0px; margin-right: 0px; width: 93.4125px; float: none !important;\\\"><span class=\\\"a-size-base a-text-bold\\\" style=\\\"font-weight: 700 !important; line-height: 20px !important;\\\">Write Speed</span></td><td class=\\\"a-span9\\\" style=\\\"vertical-align: top; padding: 3px 0px 3px 3px; margin-right: 0px; width: 296.638px; float: none !important;\\\"><span class=\\\"a-size-base po-break-word\\\" style=\\\"word-break: break-word; line-height: 20px !important;\\\">100</span></td></tr><tr class=\\\"a-spacing-small po-hardware_interface\\\" style=\\\"margin-bottom: 8px !important;\\\"><td class=\\\"a-span3\\\" style=\\\"vertical-align: top; padding: 3px 3px 3px 0px; margin-right: 0px; width: 93.4125px; float: none !important;\\\"><span class=\\\"a-size-base a-text-bold\\\" style=\\\"font-weight: 700 !important; line-height: 20px !important;\\\">Hardware Interface</span></td><td class=\\\"a-span9\\\" style=\\\"vertical-align: top; padding: 3px 0px 3px 3px; margin-right: 0px; width: 296.638px; float: none !important;\\\"><span class=\\\"a-size-base po-break-word\\\" style=\\\"word-break: break-word; line-height: 20px !important;\\\">SDHC</span></td></tr><tr class=\\\"a-spacing-small po-secure_digital_association_speed_class\\\" style=\\\"margin-bottom: 8px !important;\\\"><td class=\\\"a-span3\\\" style=\\\"vertical-align: top; padding: 3px 3px 0px 0px; margin-right: 0px; width: 93.4125px; float: none !important;\\\"><span class=\\\"a-size-base a-text-bold\\\" style=\\\"font-weight: 700 !important; line-height: 20px !important;\\\">Secure Digital Association Speed Class</span></td><td class=\\\"a-span9\\\" style=\\\"vertical-align: top; padding: 3px 0px 0px 3px; margin-right: 0px; width: 296.638px; float: none !important;\\\"><span class=\\\"a-size-base po-break-word\\\" style=\\\"word-break: break-word; line-height: 20px !important;\\\">Class 10</span></td></tr></tbody></table></div></div><div id=\\\"poToggleButton\\\" class=\\\"a-expander-header a-expander-partial-collapse-header\\\" style=\\\"position: absolute; bottom: 0px; width: 390.05px; transition: opacity 0.4s ease-out 0s; outline: 0px; color: rgb(15, 17, 17); font-family: &quot;Amazon Ember&quot;, Arial, sans-serif; opacity: 1;\\\"></div><h1 class=\\\"a-size-base-plus a-text-bold\\\" style=\\\"padding: 0px 0px 4px; margin-right: 0px; margin-bottom: 0px; margin-left: 0px; text-rendering: optimizelegibility; color: rgb(15, 17, 17); font-family: &quot;Amazon Ember&quot;, Arial, sans-serif; font-weight: 700 !important; font-size: 16px !important; line-height: 24px !important;\\\">About this item</h1><ul class=\\\"a-unordered-list a-vertical a-spacing-mini\\\" style=\\\"margin-right: 0px; margin-bottom: 0px; margin-left: 18px; color: rgb(15, 17, 17); padding: 0px; font-family: &quot;Amazon Ember&quot;, Arial, sans-serif;\\\"><li style=\\\"list-style: disc; overflow-wrap: break-word; margin: 0px;\\\"><span class=\\\"a-list-item\\\">Read speeds of up to 260mbps UHS-II</span></li><li style=\\\"list-style: disc; overflow-wrap: break-word; margin: 0px;\\\"><span class=\\\"a-list-item\\\">Write speeds of up to 100mbps UHS-II</span></li><li style=\\\"list-style: disc; overflow-wrap: break-word; margin: 0px;\\\"><span class=\\\"a-list-item\\\">Speed class U3, class 10</span></li><li style=\\\"list-style: disc; overflow-wrap: break-word; margin: 0px;\\\"><span class=\\\"a-list-item\\\">Memory card case supplied</span></li><li style=\\\"list-style: disc; overflow-wrap: break-word; margin: 0px;\\\"><span class=\\\"a-list-item\\\">File Rescue software provided via download</span></li><li style=\\\"list-style: disc; overflow-wrap: break-word; margin: 0px;\\\"><span class=\\\"a-list-item\\\">Water proof and dust proof</span></li><li style=\\\"list-style: disc; overflow-wrap: break-word; margin: 0px;\\\"><span class=\\\"a-list-item\\\">Durable and temperature proof</span></li><li style=\\\"list-style: disc; overflow-wrap: break-word; margin: 0px;\\\"><span class=\\\"a-list-item\\\">UV guard, X-ray proof, magnet proof and anti-static</span></li></ul>', 1),
(21, 10, 4, 0, 'SanDisk Sd Card-128GB', '<div aria-expanded=\\\"false\\\" class=\\\"a-expander-content a-expander-partial-collapse-content\\\" style=\\\"overflow: hidden; position: relative; color: rgb(15, 17, 17); font-family: \\\"Amazon Ember\\\", Arial, sans-serif; padding-bottom: 20px;\\\"><div class=\\\"a-section a-spacing-small a-spacing-top-small\\\" style=\\\"margin-bottom: 0px; margin-top: 8px !important;\\\"><table class=\\\"a-normal a-spacing-micro\\\" style=\\\"width: 587.688px; margin-bottom: 4px !important;\\\"><tbody><tr class=\\\"a-spacing-small po-brand\\\" style=\\\"margin-bottom: 8px !important;\\\"><td class=\\\"a-span3\\\" style=\\\"vertical-align: top; padding: 0px 3px 3px 0px; margin-right: 0px; width: 140.762px; float: none !important;\\\"><span class=\\\"a-size-base a-text-bold\\\" style=\\\"font-weight: 700 !important; line-height: 20px !important;\\\">Brand</span></td><td class=\\\"a-span9\\\" style=\\\"vertical-align: top; padding: 0px 0px 3px 3px; margin-right: 0px; width: 446.925px; float: none !important;\\\"><span class=\\\"a-size-base po-break-word\\\" style=\\\"word-break: break-word; line-height: 20px !important;\\\">MindsArt</span></td></tr><tr class=\\\"a-spacing-small po-model_name\\\" style=\\\"margin-bottom: 8px !important;\\\"><td class=\\\"a-span3\\\" style=\\\"vertical-align: top; padding: 3px 3px 3px 0px; margin-right: 0px; width: 140.762px; float: none !important;\\\"><span class=\\\"a-size-base a-text-bold\\\" style=\\\"font-weight: 700 !important; line-height: 20px !important;\\\">Model Name</span></td><td class=\\\"a-span9\\\" style=\\\"vertical-align: top; padding: 3px 0px 3px 3px; margin-right: 0px; width: 446.925px; float: none !important;\\\"><span class=\\\"a-size-base po-break-word\\\" style=\\\"word-break: break-word; line-height: 20px !important;\\\">‎SDSQUA4-128G-GN6MN</span></td></tr><tr class=\\\"a-spacing-small po-flash_memory.type\\\" style=\\\"margin-bottom: 8px !important;\\\"><td class=\\\"a-span3\\\" style=\\\"vertical-align: top; padding: 3px 3px 3px 0px; margin-right: 0px; width: 140.762px; float: none !important;\\\"><span class=\\\"a-size-base a-text-bold\\\" style=\\\"font-weight: 700 !important; line-height: 20px !important;\\\">Flash Memory Type</span></td><td class=\\\"a-span9\\\" style=\\\"vertical-align: top; padding: 3px 0px 3px 3px; margin-right: 0px; width: 446.925px; float: none !important;\\\"><span class=\\\"a-size-base po-break-word\\\" style=\\\"word-break: break-word; line-height: 20px !important;\\\">Micro SDHC</span></td></tr><tr class=\\\"a-spacing-small po-memory_storage_capacity\\\" style=\\\"margin-bottom: 8px !important;\\\"><td class=\\\"a-span3\\\" style=\\\"vertical-align: top; padding: 3px 3px 3px 0px; margin-right: 0px; width: 140.762px; float: none !important;\\\"><span class=\\\"a-size-base a-text-bold\\\" style=\\\"font-weight: 700 !important; line-height: 20px !important;\\\">Memory Storage Capacity</span></td><td class=\\\"a-span9\\\" style=\\\"vertical-align: top; padding: 3px 0px 3px 3px; margin-right: 0px; width: 446.925px; float: none !important;\\\"><span class=\\\"a-size-base po-break-word\\\" style=\\\"word-break: break-word; line-height: 20px !important;\\\">128 GB</span></td></tr><tr class=\\\"a-spacing-small po-compatible_devices\\\" style=\\\"margin-bottom: 8px !important;\\\"><td class=\\\"a-span3\\\" style=\\\"vertical-align: top; padding: 3px 3px 3px 0px; margin-right: 0px; width: 140.762px; float: none !important;\\\"><span class=\\\"a-size-base a-text-bold\\\" style=\\\"font-weight: 700 !important; line-height: 20px !important;\\\">Compatible Devices</span></td><td class=\\\"a-span9\\\" style=\\\"vertical-align: top; padding: 3px 0px 3px 3px; margin-right: 0px; width: 446.925px; float: none !important;\\\"><span class=\\\"a-size-base po-break-word\\\" style=\\\"word-break: break-word; line-height: 20px !important;\\\">Mobile</span></td></tr><tr class=\\\"a-spacing-small po-special_feature\\\" style=\\\"margin-bottom: 8px !important;\\\"><td class=\\\"a-span3\\\" style=\\\"vertical-align: top; padding: 3px 3px 3px 0px; margin-right: 0px; width: 140.762px; float: none !important;\\\"><span class=\\\"a-size-base a-text-bold\\\" style=\\\"font-weight: 700 !important; line-height: 20px !important;\\\">Special Feature</span></td><td class=\\\"a-span9\\\" style=\\\"vertical-align: top; padding: 3px 0px 3px 3px; margin-right: 0px; width: 446.925px; float: none !important;\\\"><span class=\\\"a-size-base po-break-word\\\" style=\\\"word-break: break-word; line-height: 20px !important;\\\">X Ray Proof</span></td></tr><tr class=\\\"a-spacing-small po-read_speed\\\" style=\\\"margin-bottom: 8px !important;\\\"><td class=\\\"a-span3\\\" style=\\\"vertical-align: top; padding: 3px 3px 3px 0px; margin-right: 0px; width: 140.762px; float: none !important;\\\"><span class=\\\"a-size-base a-text-bold\\\" style=\\\"font-weight: 700 !important; line-height: 20px !important;\\\">Read Speed</span></td><td class=\\\"a-span9\\\" style=\\\"vertical-align: top; padding: 3px 0px 3px 3px; margin-right: 0px; width: 446.925px; float: none !important;\\\"><span class=\\\"a-size-base po-break-word\\\" style=\\\"word-break: break-word; line-height: 20px !important;\\\">120 Megabytes Per Second</span></td></tr><tr class=\\\"a-spacing-small po-item_depth_width_height\\\" style=\\\"margin-bottom: 8px !important;\\\"><td class=\\\"a-span3\\\" style=\\\"vertical-align: top; padding: 3px 3px 3px 0px; margin-right: 0px; width: 140.762px; float: none !important;\\\"><span class=\\\"a-size-base a-text-bold\\\" style=\\\"font-weight: 700 !important; line-height: 20px !important;\\\">Product Dimensions</span></td><td class=\\\"a-span9\\\" style=\\\"vertical-align: top; padding: 3px 0px 3px 3px; margin-right: 0px; width: 446.925px; float: none !important;\\\"><span class=\\\"a-size-base po-break-word\\\" style=\\\"word-break: break-word; line-height: 20px !important;\\\">10D x 20W x 10H Millimeters</span></td></tr><tr class=\\\"a-spacing-small po-hardware_interface\\\" style=\\\"margin-bottom: 8px !important;\\\"><td class=\\\"a-span3\\\" style=\\\"vertical-align: top; padding: 3px 3px 3px 0px; margin-right: 0px; width: 140.762px; float: none !important;\\\"><span class=\\\"a-size-base a-text-bold\\\" style=\\\"font-weight: 700 !important; line-height: 20px !important;\\\">Hardware Interface</span></td><td class=\\\"a-span9\\\" style=\\\"vertical-align: top; padding: 3px 0px 3px 3px; margin-right: 0px; width: 446.925px; float: none !important;\\\"><span class=\\\"a-size-base po-break-word\\\" style=\\\"word-break: break-word; line-height: 20px !important;\\\">MicroSDXC</span></td></tr><tr class=\\\"a-spacing-small po-secure_digital_association_speed_class\\\" style=\\\"margin-bottom: 8px !important;\\\"><td class=\\\"a-span3\\\" style=\\\"vertical-align: top; padding: 3px 3px 0px 0px; margin-right: 0px; width: 140.762px; float: none !important;\\\"><span class=\\\"a-size-base a-text-bold\\\" style=\\\"font-weight: 700 !important; line-height: 20px !important;\\\">Secure Digital Association Speed Class</span></td><td class=\\\"a-span9\\\" style=\\\"vertical-align: top; padding: 3px 0px 0px 3px; margin-right: 0px; width: 446.925px; float: none !important;\\\"><span class=\\\"a-size-base po-break-word\\\" style=\\\"word-break: break-word; line-height: 20px !important;\\\">Class 10</span></td></tr></tbody></table></div></div><div id=\\\"poToggleButton\\\" class=\\\"a-expander-header a-expander-partial-collapse-header\\\" style=\\\"position: absolute; bottom: 0px; width: 587.688px; transition: opacity 0.4s ease-out 0s; outline: 0px; color: rgb(15, 17, 17); font-family: \\\"Amazon Ember\\\", Arial, sans-serif; opacity: 1;\\\"></div><h1 class=\\\"a-size-base-plus a-text-bold\\\" style=\\\"padding: 0px 0px 4px; margin-right: 0px; margin-bottom: 0px; margin-left: 0px; text-rendering: optimizelegibility; color: rgb(15, 17, 17); font-family: \\\"Amazon Ember\\\", Arial, sans-serif; font-weight: 700 !important; font-size: 16px !important; line-height: 24px !important;\\\">About this item</h1><ul class=\\\"a-unordered-list a-vertical a-spacing-mini\\\" style=\\\"margin-right: 0px; margin-bottom: 0px; margin-left: 18px; color: rgb(15, 17, 17); padding: 0px; font-family: \\\"Amazon Ember\\\", Arial, sans-serif;\\\"><li style=\\\"list-style: disc; overflow-wrap: break-word; margin: 0px;\\\"><span class=\\\"a-list-item\\\">Ideal for Android smartphones and tablets, and MIL cameras</span></li><li style=\\\"list-style: disc; overflow-wrap: break-word; margin: 0px;\\\"><span class=\\\"a-list-item\\\">Up to 1TB to store even more hours of Full HD video</span></li><li style=\\\"list-style: disc; overflow-wrap: break-word; margin: 0px;\\\"><span class=\\\"a-list-item\\\">Up to 120MB/s transfer speeds let you move up to 1000 photos in a minute [32GB-1TB]</span></li><li style=\\\"list-style: disc; overflow-wrap: break-word; margin: 0px;\\\"><span class=\\\"a-list-item\\\">Load apps faster with A1-rated performance</span></li><li style=\\\"list-style: disc; overflow-wrap: break-word; margin: 0px;\\\"><span class=\\\"a-list-item\\\">Class 10 for Full HD video recording and playback</span></li></ul>', 1),
(22, 11, 4, 0, 'Hp Sd Card', '<table class=\\\"a-normal a-spacing-micro\\\" style=\\\"width: 390.05px; color: rgb(15, 17, 17); font-family: \\\" amazon=\\\"\\\" ember\\\",=\\\"\\\" arial,=\\\"\\\" sans-serif;=\\\"\\\" margin-bottom:=\\\"\\\" 4px=\\\"\\\" !important;\\\"=\\\"\\\"><tbody><tr class=\\\"a-spacing-small po-brand\\\" style=\\\"margin-bottom: 8px !important;\\\"><td class=\\\"a-span3\\\" style=\\\"vertical-align: top; padding: 0px 3px 3px 0px; margin-right: 0px; width: 93.4125px; float: none !important;\\\"><br></td><td class=\\\"a-span9\\\" style=\\\"vertical-align: top; padding: 0px 0px 3px 3px; margin-right: 0px; width: 296.638px; float: none !important;\\\"><br></td></tr><tr class=\\\"a-spacing-small po-flash_memory.type\\\" style=\\\"margin-bottom: 8px !important;\\\"><td class=\\\"a-span3\\\" style=\\\"vertical-align: top; padding: 3px 3px 3px 0px; margin-right: 0px; width: 93.4125px; float: none !important;\\\"><span class=\\\"a-size-base a-text-bold\\\" style=\\\"font-weight: 700 !important; line-height: 20px !important;\\\">Flash Memory Type</span></td><td class=\\\"a-span9\\\" style=\\\"vertical-align: top; padding: 3px 0px 3px 3px; margin-right: 0px; width: 296.638px; float: none !important;\\\"><span class=\\\"a-size-base po-break-word\\\" style=\\\"word-break: break-word; line-height: 20px !important;\\\">Micro SD</span></td></tr><tr class=\\\"a-spacing-small po-memory_storage_capacity\\\" style=\\\"margin-bottom: 8px !important;\\\"><td class=\\\"a-span3\\\" style=\\\"vertical-align: top; padding: 3px 3px 3px 0px; margin-right: 0px; width: 93.4125px; float: none !important;\\\"><span class=\\\"a-size-base a-text-bold\\\" style=\\\"font-weight: 700 !important; line-height: 20px !important;\\\">Memory Storage Capacity</span></td><td class=\\\"a-span9\\\" style=\\\"vertical-align: top; padding: 3px 0px 3px 3px; margin-right: 0px; width: 296.638px; float: none !important;\\\"><span class=\\\"a-size-base po-break-word\\\" style=\\\"word-break: break-word; line-height: 20px !important;\\\">32 GB</span></td></tr><tr class=\\\"a-spacing-small po-compatible_devices\\\" style=\\\"margin-bottom: 8px !important;\\\"><td class=\\\"a-span3\\\" style=\\\"vertical-align: top; padding: 3px 3px 3px 0px; margin-right: 0px; width: 93.4125px; float: none !important;\\\"><span class=\\\"a-size-base a-text-bold\\\" style=\\\"font-weight: 700 !important; line-height: 20px !important;\\\">Compatible Devices</span></td><td class=\\\"a-span9\\\" style=\\\"vertical-align: top; padding: 3px 0px 3px 3px; margin-right: 0px; width: 296.638px; float: none !important;\\\"><span class=\\\"a-size-base po-break-word\\\" style=\\\"word-break: break-word; line-height: 20px !important;\\\">Tablet, Smartphone</span></td></tr></tbody></table><h1 class=\\\"a-size-base-plus a-text-bold\\\" style=\\\"padding: 0px 0px 4px; margin-right: 0px; margin-bottom: 0px; margin-left: 0px; text-rendering: optimizelegibility; color: rgb(15, 17, 17); font-family: \\\" amazon=\\\"\\\" ember\\\",=\\\"\\\" arial,=\\\"\\\" sans-serif;=\\\"\\\" font-weight:=\\\"\\\" 700=\\\"\\\" !important;=\\\"\\\" font-size:=\\\"\\\" 16px=\\\"\\\" line-height:=\\\"\\\" 24px=\\\"\\\" !important;\\\"=\\\"\\\">About this item</h1><ul class=\\\"a-unordered-list a-vertical a-spacing-mini\\\" style=\\\"margin-right: 0px; margin-bottom: 0px; margin-left: 18px; color: rgb(15, 17, 17); padding: 0px; font-family: \\\" amazon=\\\"\\\" ember\\\",=\\\"\\\" arial,=\\\"\\\" sans-serif;\\\"=\\\"\\\"><li style=\\\"list-style: disc; overflow-wrap: break-word; margin: 0px;\\\"><span class=\\\"a-list-item\\\">HP 32GB Class 10 MicroSD Memory Card (U1 TF Card&nbsp;32GB)</span></li><li style=\\\"list-style: disc; overflow-wrap: break-word; margin: 0px;\\\"><span class=\\\"a-list-item\\\">Class 10, UHS-I, U1 Memory Card with Adapter</span></li><li style=\\\"list-style: disc; overflow-wrap: break-word; margin: 0px;\\\"><span class=\\\"a-list-item\\\">Perfect for storing and transferring more mobile content across your devices, including photos, music and movies for entertainment or apps and e-books for school or work</span></li><li style=\\\"list-style: disc; overflow-wrap: break-word; margin: 0px;\\\"><span class=\\\"a-list-item\\\">Ideal for the latest tablets, PCs, smartphones and mobile devices</span></li></ul>', 1),
(23, 5, 3, 1, 'OnePlus Battery', '<table class=\\\"a-normal a-spacing-micro\\\" style=\\\"width: 587.688px; color: rgb(15, 17, 17); font-family: &quot;Amazon Ember&quot;, Arial, sans-serif; margin-bottom: 4px !important;\\\"><tbody><tr class=\\\"a-spacing-small po-num_batteries\\\" style=\\\"margin-bottom: 8px !important;\\\"><td class=\\\"a-span3\\\" style=\\\"vertical-align: top; padding: 0px 3px 3px 0px; margin-right: 0px; width: 140.762px; float: none !important;\\\"><span class=\\\"a-size-base a-text-bold\\\" style=\\\"font-weight: 700 !important; line-height: 20px !important;\\\">Number of Batteries</span></td><td class=\\\"a-span9\\\" style=\\\"vertical-align: top; padding: 0px 0px 3px 3px; margin-right: 0px; width: 446.925px; float: none !important;\\\"><span class=\\\"a-size-base po-break-word\\\" style=\\\"word-break: break-word; line-height: 20px !important;\\\">1 Lithium Ion batteries required. (included)</span></td></tr><tr class=\\\"a-spacing-small po-brand\\\" style=\\\"margin-bottom: 8px !important;\\\"><td class=\\\"a-span3\\\" style=\\\"vertical-align: top; padding: 3px 3px 3px 0px; margin-right: 0px; width: 140.762px; float: none !important;\\\"><span class=\\\"a-size-base a-text-bold\\\" style=\\\"font-weight: 700 !important; line-height: 20px !important;\\\">Brand</span></td><td class=\\\"a-span9\\\" style=\\\"vertical-align: top; padding: 3px 0px 3px 3px; margin-right: 0px; width: 446.925px; float: none !important;\\\"><span class=\\\"a-size-base po-break-word\\\" style=\\\"word-break: break-word; line-height: 20px !important;\\\">KAEEL ORIGINAL</span></td></tr><tr class=\\\"a-spacing-small po-battery.cell_composition\\\" style=\\\"margin-bottom: 8px !important;\\\"><td class=\\\"a-span3\\\" style=\\\"vertical-align: top; padding: 3px 3px 3px 0px; margin-right: 0px; width: 140.762px; float: none !important;\\\"><span class=\\\"a-size-base a-text-bold\\\" style=\\\"font-weight: 700 !important; line-height: 20px !important;\\\">Battery Cell Composition</span></td><td class=\\\"a-span9\\\" style=\\\"vertical-align: top; padding: 3px 0px 3px 3px; margin-right: 0px; width: 446.925px; float: none !important;\\\"><span class=\\\"a-size-base po-break-word\\\" style=\\\"word-break: break-word; line-height: 20px !important;\\\">Lithium Ion</span></td></tr><tr class=\\\"a-spacing-small po-recommended_uses_for_product\\\" style=\\\"margin-bottom: 8px !important;\\\"><td class=\\\"a-span3\\\" style=\\\"vertical-align: top; padding: 3px 3px 3px 0px; margin-right: 0px; width: 140.762px; float: none !important;\\\"><span class=\\\"a-size-base a-text-bold\\\" style=\\\"font-weight: 700 !important; line-height: 20px !important;\\\">Recommended Uses For Product</span></td><td class=\\\"a-span9\\\" style=\\\"vertical-align: top; padding: 3px 0px 3px 3px; margin-right: 0px; width: 446.925px; float: none !important;\\\"><span class=\\\"a-size-base po-break-word\\\" style=\\\"word-break: break-word; line-height: 20px !important;\\\">Phone</span></td></tr><tr class=\\\"a-spacing-small po-unit_count\\\" style=\\\"margin-bottom: 8px !important;\\\"><td class=\\\"a-span3\\\" style=\\\"vertical-align: top; padding: 3px 3px 3px 0px; margin-right: 0px; width: 140.762px; float: none !important;\\\"><span class=\\\"a-size-base a-text-bold\\\" style=\\\"font-weight: 700 !important; line-height: 20px !important;\\\">Net Quantity</span></td><td class=\\\"a-span9\\\" style=\\\"vertical-align: top; padding: 3px 0px 3px 3px; margin-right: 0px; width: 446.925px; float: none !important;\\\"><span class=\\\"a-size-base po-break-word\\\" style=\\\"word-break: break-word; line-height: 20px !important;\\\">1.00 count</span></td></tr><tr class=\\\"a-spacing-small po-reusability\\\" style=\\\"margin-bottom: 8px !important;\\\"><td class=\\\"a-span3\\\" style=\\\"vertical-align: top; padding: 3px 3px 3px 0px; margin-right: 0px; width: 140.762px; float: none !important;\\\"><span class=\\\"a-size-base a-text-bold\\\" style=\\\"font-weight: 700 !important; line-height: 20px !important;\\\">Reusability</span></td><td class=\\\"a-span9\\\" style=\\\"vertical-align: top; padding: 3px 0px 3px 3px; margin-right: 0px; width: 446.925px; float: none !important;\\\"><span class=\\\"a-size-base po-break-word\\\" style=\\\"word-break: break-word; line-height: 20px !important;\\\">Rechargeable</span></td></tr><tr class=\\\"a-spacing-small po-battery.weight\\\" style=\\\"margin-bottom: 8px !important;\\\"><td class=\\\"a-span3\\\" style=\\\"vertical-align: top; padding: 3px 3px 3px 0px; margin-right: 0px; width: 140.762px; float: none !important;\\\"><span class=\\\"a-size-base a-text-bold\\\" style=\\\"font-weight: 700 !important; line-height: 20px !important;\\\">Battery Weight</span></td><td class=\\\"a-span9\\\" style=\\\"vertical-align: top; padding: 3px 0px 3px 3px; margin-right: 0px; width: 446.925px; float: none !important;\\\"><span class=\\\"a-size-base po-break-word\\\" style=\\\"word-break: break-word; line-height: 20px !important;\\\">0.29 Grams</span></td></tr><tr class=\\\"a-spacing-small po-item_dimensions\\\" style=\\\"margin-bottom: 8px !important;\\\"><td class=\\\"a-span3\\\" style=\\\"vertical-align: top; padding: 3px 3px 3px 0px; margin-right: 0px; width: 140.762px; float: none !important;\\\"><span class=\\\"a-size-base a-text-bold\\\" style=\\\"font-weight: 700 !important; line-height: 20px !important;\\\">Item Dimensions LxWxH</span></td><td class=\\\"a-span9\\\" style=\\\"vertical-align: top; padding: 3px 0px 3px 3px; margin-right: 0px; width: 446.925px; float: none !important;\\\"><span class=\\\"a-size-base po-break-word\\\" style=\\\"word-break: break-word; line-height: 20px !important;\\\">15 x 10 x 5 Centimeters</span></td></tr><tr class=\\\"a-spacing-small po-item_weight\\\" style=\\\"margin-bottom: 8px !important;\\\"><td class=\\\"a-span3\\\" style=\\\"vertical-align: top; padding: 3px 3px 0px 0px; margin-right: 0px; width: 140.762px; float: none !important;\\\"><span class=\\\"a-size-base a-text-bold\\\" style=\\\"font-weight: 700 !important; line-height: 20px !important;\\\">Item Weight</span></td><td class=\\\"a-span9\\\" style=\\\"vertical-align: top; padding: 3px 0px 0px 3px; margin-right: 0px; width: 446.925px; float: none !important;\\\"><span class=\\\"a-size-base po-break-word\\\" style=\\\"word-break: break-word; line-height: 20px !important;\\\">121 Grams</span></td></tr></tbody></table><h1 class=\\\"a-size-base-plus a-text-bold\\\" style=\\\"padding: 0px 0px 4px; margin-right: 0px; margin-bottom: 0px; margin-left: 0px; text-rendering: optimizelegibility; color: rgb(15, 17, 17); font-family: &quot;Amazon Ember&quot;, Arial, sans-serif; font-weight: 700 !important; font-size: 16px !important; line-height: 24px !important;\\\">About this item</h1><ul class=\\\"a-unordered-list a-vertical a-spacing-mini\\\" style=\\\"margin-right: 0px; margin-bottom: 0px; margin-left: 18px; color: rgb(15, 17, 17); padding: 0px; font-family: &quot;Amazon Ember&quot;, Arial, sans-serif;\\\"><li style=\\\"list-style: disc; overflow-wrap: break-word; margin: 0px;\\\"><span class=\\\"a-list-item\\\">This is a import unit &amp; it comes without retail packaging, QC Pass, professional needed for installation.</span></li><li style=\\\"list-style: disc; overflow-wrap: break-word; margin: 0px;\\\"><span class=\\\"a-list-item\\\">Note: After you installed the new battery Reset / format the phone to sync the battery with the phone.</span></li><li style=\\\"list-style: disc; overflow-wrap: break-word; margin: 0px;\\\"><span class=\\\"a-list-item\\\">CAUTION: Do not open, crush, puncture. short external contacts or dispose in fire or water. Risk of fire, explosion and burn. Do not open, crush,heat.</span></li><li style=\\\"list-style: disc; overflow-wrap: break-word; margin: 0px;\\\"><span class=\\\"a-list-item\\\">Compact design, High in quality and stable and performance, Usually takes 2 hours to full Charge with Normal Power Adapter, With Fast Charging Adapter it will take less time.</span></li></ul>', 1),
(24, 3, 3, 1, 'Samsung Battery', '<table class=\\\"a-normal a-spacing-micro\\\" style=\\\"width: 587.688px; color: rgb(15, 17, 17); font-family: &quot;Amazon Ember&quot;, Arial, sans-serif; margin-bottom: 4px !important;\\\"><tbody><tr class=\\\"a-spacing-small po-num_batteries\\\" style=\\\"margin-bottom: 8px !important;\\\"><td class=\\\"a-span3\\\" style=\\\"vertical-align: top; padding: 0px 3px 3px 0px; margin-right: 0px; width: 140.762px; float: none !important;\\\"><span class=\\\"a-size-base a-text-bold\\\" style=\\\"font-weight: 700 !important; line-height: 20px !important;\\\">Number of Batteries</span></td><td class=\\\"a-span9\\\" style=\\\"vertical-align: top; padding: 0px 0px 3px 3px; margin-right: 0px; width: 446.925px; float: none !important;\\\"><span class=\\\"a-size-base po-break-word\\\" style=\\\"word-break: break-word; line-height: 20px !important;\\\">1 Lithium Polymer batteries required.</span></td></tr><tr class=\\\"a-spacing-small po-brand\\\" style=\\\"margin-bottom: 8px !important;\\\"><td class=\\\"a-span3\\\" style=\\\"vertical-align: top; padding: 3px 3px 3px 0px; margin-right: 0px; width: 140.762px; float: none !important;\\\"><span class=\\\"a-size-base a-text-bold\\\" style=\\\"font-weight: 700 !important; line-height: 20px !important;\\\">Brand</span></td><td class=\\\"a-span9\\\" style=\\\"vertical-align: top; padding: 3px 0px 3px 3px; margin-right: 0px; width: 446.925px; float: none !important;\\\"><span class=\\\"a-size-base po-break-word\\\" style=\\\"word-break: break-word; line-height: 20px !important;\\\">Naru, Quality Beyond Comparison</span></td></tr><tr class=\\\"a-spacing-small po-battery.cell_composition\\\" style=\\\"margin-bottom: 8px !important;\\\"><td class=\\\"a-span3\\\" style=\\\"vertical-align: top; padding: 3px 3px 3px 0px; margin-right: 0px; width: 140.762px; float: none !important;\\\"><span class=\\\"a-size-base a-text-bold\\\" style=\\\"font-weight: 700 !important; line-height: 20px !important;\\\">Battery Cell Composition</span></td><td class=\\\"a-span9\\\" style=\\\"vertical-align: top; padding: 3px 0px 3px 3px; margin-right: 0px; width: 446.925px; float: none !important;\\\"><span class=\\\"a-size-base po-break-word\\\" style=\\\"word-break: break-word; line-height: 20px !important;\\\">Lithium Polymer</span></td></tr><tr class=\\\"a-spacing-small po-compatible_phone_models\\\" style=\\\"margin-bottom: 8px !important;\\\"><td class=\\\"a-span3\\\" style=\\\"vertical-align: top; padding: 3px 3px 3px 0px; margin-right: 0px; width: 140.762px; float: none !important;\\\"><span class=\\\"a-size-base a-text-bold\\\" style=\\\"font-weight: 700 !important; line-height: 20px !important;\\\">Compatible Phone Models</span></td><td class=\\\"a-span9\\\" style=\\\"vertical-align: top; padding: 3px 0px 3px 3px; margin-right: 0px; width: 446.925px; float: none !important;\\\"><span class=\\\"a-size-base po-break-word\\\" style=\\\"word-break: break-word; line-height: 20px !important;\\\">For Samsung A52/5G, S20 FE 5G, A52S</span></td></tr><tr class=\\\"a-spacing-small po-recommended_uses_for_product\\\" style=\\\"margin-bottom: 8px !important;\\\"><td class=\\\"a-span3\\\" style=\\\"vertical-align: top; padding: 3px 3px 3px 0px; margin-right: 0px; width: 140.762px; float: none !important;\\\"><span class=\\\"a-size-base a-text-bold\\\" style=\\\"font-weight: 700 !important; line-height: 20px !important;\\\">Recommended Uses For Product</span></td><td class=\\\"a-span9\\\" style=\\\"vertical-align: top; padding: 3px 0px 3px 3px; margin-right: 0px; width: 446.925px; float: none !important;\\\"><span class=\\\"a-size-base po-break-word\\\" style=\\\"word-break: break-word; line-height: 20px !important;\\\">Phone</span></td></tr><tr class=\\\"a-spacing-small po-voltage\\\" style=\\\"margin-bottom: 8px !important;\\\"><td class=\\\"a-span3\\\" style=\\\"vertical-align: top; padding: 3px 3px 3px 0px; margin-right: 0px; width: 140.762px; float: none !important;\\\"><span class=\\\"a-size-base a-text-bold\\\" style=\\\"font-weight: 700 !important; line-height: 20px !important;\\\">Voltage</span></td><td class=\\\"a-span9\\\" style=\\\"vertical-align: top; padding: 3px 0px 3px 3px; margin-right: 0px; width: 446.925px; float: none !important;\\\"><span class=\\\"a-size-base po-break-word\\\" style=\\\"word-break: break-word; line-height: 20px !important;\\\">4.2 Volts</span></td></tr><tr class=\\\"a-spacing-small po-reusability\\\" style=\\\"margin-bottom: 8px !important;\\\"><td class=\\\"a-span3\\\" style=\\\"vertical-align: top; padding: 3px 3px 3px 0px; margin-right: 0px; width: 140.762px; float: none !important;\\\"><span class=\\\"a-size-base a-text-bold\\\" style=\\\"font-weight: 700 !important; line-height: 20px !important;\\\">Reusability</span></td><td class=\\\"a-span9\\\" style=\\\"vertical-align: top; padding: 3px 0px 3px 3px; margin-right: 0px; width: 446.925px; float: none !important;\\\"><span class=\\\"a-size-base po-break-word\\\" style=\\\"word-break: break-word; line-height: 20px !important;\\\">Rechargeable</span></td></tr><tr class=\\\"a-spacing-small po-model_name\\\" style=\\\"margin-bottom: 8px !important;\\\"><td class=\\\"a-span3\\\" style=\\\"vertical-align: top; padding: 3px 3px 3px 0px; margin-right: 0px; width: 140.762px; float: none !important;\\\"><span class=\\\"a-size-base a-text-bold\\\" style=\\\"font-weight: 700 !important; line-height: 20px !important;\\\">Model Name</span></td><td class=\\\"a-span9\\\" style=\\\"vertical-align: top; padding: 3px 0px 3px 3px; margin-right: 0px; width: 446.925px; float: none !important;\\\"><span class=\\\"a-size-base po-break-word\\\" style=\\\"word-break: break-word; line-height: 20px !important;\\\">Samsung-EB-BG781ABY</span></td></tr><tr class=\\\"a-spacing-small po-battery.weight\\\" style=\\\"margin-bottom: 8px !important;\\\"><td class=\\\"a-span3\\\" style=\\\"vertical-align: top; padding: 3px 3px 3px 0px; margin-right: 0px; width: 140.762px; float: none !important;\\\"><span class=\\\"a-size-base a-text-bold\\\" style=\\\"font-weight: 700 !important; line-height: 20px !important;\\\">Battery Weight</span></td><td class=\\\"a-span9\\\" style=\\\"vertical-align: top; padding: 3px 0px 3px 3px; margin-right: 0px; width: 446.925px; float: none !important;\\\"><span class=\\\"a-size-base po-break-word\\\" style=\\\"word-break: break-word; line-height: 20px !important;\\\">50 Grams</span></td></tr><tr class=\\\"a-spacing-small po-item_weight\\\" style=\\\"margin-bottom: 8px !important;\\\"><td class=\\\"a-span3\\\" style=\\\"vertical-align: top; padding: 3px 3px 0px 0px; margin-right: 0px; width: 140.762px; float: none !important;\\\"><span class=\\\"a-size-base a-text-bold\\\" style=\\\"font-weight: 700 !important; line-height: 20px !important;\\\">Item Weight</span></td><td class=\\\"a-span9\\\" style=\\\"vertical-align: top; padding: 3px 0px 0px 3px; margin-right: 0px; width: 446.925px; float: none !important;\\\"><span class=\\\"a-size-base po-break-word\\\" style=\\\"word-break: break-word; line-height: 20px !important;\\\">65 Grams</span></td></tr></tbody></table><h1 class=\\\"a-size-base-plus a-text-bold\\\" style=\\\"padding: 0px 0px 4px; margin-right: 0px; margin-bottom: 0px; margin-left: 0px; text-rendering: optimizelegibility; color: rgb(15, 17, 17); font-family: &quot;Amazon Ember&quot;, Arial, sans-serif; font-weight: 700 !important; font-size: 16px !important; line-height: 24px !important;\\\">About this item</h1><ul class=\\\"a-unordered-list a-vertical a-spacing-mini\\\" style=\\\"margin-right: 0px; margin-bottom: 0px; margin-left: 18px; color: rgb(15, 17, 17); padding: 0px; font-family: &quot;Amazon Ember&quot;, Arial, sans-serif;\\\"><li style=\\\"list-style: disc; overflow-wrap: break-word; margin: 0px;\\\"><span class=\\\"a-list-item\\\">Charge the battery for at least 12 hours before using it for first time.</span></li><li style=\\\"list-style: disc; overflow-wrap: break-word; margin: 0px;\\\"><span class=\\\"a-list-item\\\">Please use original charger or professional battery charger.</span></li><li style=\\\"list-style: disc; overflow-wrap: break-word; margin: 0px;\\\"><span class=\\\"a-list-item\\\">Kindly avoid long time charging such as over night charging when fully charged becuase it is dangerous and battery may get bulged causes Warranty Void.</span></li><li style=\\\"list-style: disc; overflow-wrap: break-word; margin: 0px;\\\"><span class=\\\"a-list-item\\\">When charging, do not use the phone with the battery to play game or call because it is potential safety hazard</span></li><li style=\\\"list-style: disc; overflow-wrap: break-word; margin: 0px;\\\"><span class=\\\"a-list-item\\\">Your device will function the same high capacity long lasting time as when you first got the device</span></li></ul>', 1);
INSERT INTO `products` (`id`, `brand_id`, `category_id`, `sub_category_id`, `name`, `specs`, `status`) VALUES
(25, 4, 3, 1, 'Vivo Battery', '<div aria-expanded=\\\"false\\\" class=\\\"a-expander-content a-expander-partial-collapse-content\\\" style=\\\"overflow: hidden; position: relative; color: rgb(15, 17, 17); font-family: \\\"Amazon Ember\\\", Arial, sans-serif; padding-bottom: 20px;\\\"><div class=\\\"a-section a-spacing-small a-spacing-top-small\\\" style=\\\"margin-bottom: 0px; margin-top: 8px !important;\\\"><table class=\\\"a-normal a-spacing-micro\\\" style=\\\"width: 587.688px; margin-bottom: 4px !important;\\\"><tbody><tr class=\\\"a-spacing-small po-brand\\\" style=\\\"margin-bottom: 8px !important;\\\"><td class=\\\"a-span3\\\" style=\\\"vertical-align: top; padding: 0px 3px 3px 0px; margin-right: 0px; width: 140.762px; float: none !important;\\\"><span class=\\\"a-size-base a-text-bold\\\" style=\\\"font-weight: 700 !important; line-height: 20px !important;\\\">rand</span></td><td class=\\\"a-span9\\\" style=\\\"vertical-align: top; padding: 0px 0px 3px 3px; margin-right: 0px; width: 446.925px; float: none !important;\\\"><span class=\\\"a-size-base po-break-word\\\" style=\\\"word-break: break-word; line-height: 20px !important;\\\">RSTEK - Best For You</span></td></tr><tr class=\\\"a-spacing-small po-compatible_phone_models\\\" style=\\\"margin-bottom: 8px !important;\\\"><td class=\\\"a-span3\\\" style=\\\"vertical-align: top; padding: 3px 3px 3px 0px; margin-right: 0px; width: 140.762px; float: none !important;\\\"><span class=\\\"a-size-base a-text-bold\\\" style=\\\"font-weight: 700 !important; line-height: 20px !important;\\\">Compatible Phone Models</span></td><td class=\\\"a-span9\\\" style=\\\"vertical-align: top; padding: 3px 0px 3px 3px; margin-right: 0px; width: 446.925px; float: none !important;\\\"><span class=\\\"a-size-base po-break-word\\\" style=\\\"word-break: break-word; line-height: 20px !important;\\\">B05 VIVO Y12s VIVO Y22 VIVO Y20S VIVO V2026 V2029 battery</span></td></tr><tr class=\\\"a-spacing-small po-recommended_uses_for_product\\\" style=\\\"margin-bottom: 8px !important;\\\"><td class=\\\"a-span3\\\" style=\\\"vertical-align: top; padding: 3px 3px 3px 0px; margin-right: 0px; width: 140.762px; float: none !important;\\\"><span class=\\\"a-size-base a-text-bold\\\" style=\\\"font-weight: 700 !important; line-height: 20px !important;\\\">Recommended Uses For Product</span></td><td class=\\\"a-span9\\\" style=\\\"vertical-align: top; padding: 3px 0px 3px 3px; margin-right: 0px; width: 446.925px; float: none !important;\\\"><span class=\\\"a-size-base po-break-word\\\" style=\\\"word-break: break-word; line-height: 20px !important;\\\">Phone</span></td></tr><tr class=\\\"a-spacing-small po-unit_count\\\" style=\\\"margin-bottom: 8px !important;\\\"><td class=\\\"a-span3\\\" style=\\\"vertical-align: top; padding: 3px 3px 3px 0px; margin-right: 0px; width: 140.762px; float: none !important;\\\"><span class=\\\"a-size-base a-text-bold\\\" style=\\\"font-weight: 700 !important; line-height: 20px !important;\\\">Net Quantity</span></td><td class=\\\"a-span9\\\" style=\\\"vertical-align: top; padding: 3px 0px 3px 3px; margin-right: 0px; width: 446.925px; float: none !important;\\\"><span class=\\\"a-size-base po-break-word\\\" style=\\\"word-break: break-word; line-height: 20px !important;\\\">1 count</span></td></tr><tr class=\\\"a-spacing-small po-voltage\\\" style=\\\"margin-bottom: 8px !important;\\\"><td class=\\\"a-span3\\\" style=\\\"vertical-align: top; padding: 3px 3px 3px 0px; margin-right: 0px; width: 140.762px; float: none !important;\\\"><span class=\\\"a-size-base a-text-bold\\\" style=\\\"font-weight: 700 !important; line-height: 20px !important;\\\">Voltage</span></td><td class=\\\"a-span9\\\" style=\\\"vertical-align: top; padding: 3px 0px 3px 3px; margin-right: 0px; width: 446.925px; float: none !important;\\\"><span class=\\\"a-size-base po-break-word\\\" style=\\\"word-break: break-word; line-height: 20px !important;\\\">3.7 Volts</span></td></tr><tr class=\\\"a-spacing-small po-reusability\\\" style=\\\"margin-bottom: 8px !important;\\\"><td class=\\\"a-span3\\\" style=\\\"vertical-align: top; padding: 3px 3px 3px 0px; margin-right: 0px; width: 140.762px; float: none !important;\\\"><span class=\\\"a-size-base a-text-bold\\\" style=\\\"font-weight: 700 !important; line-height: 20px !important;\\\">Reusability</span></td><td class=\\\"a-span9\\\" style=\\\"vertical-align: top; padding: 3px 0px 3px 3px; margin-right: 0px; width: 446.925px; float: none !important;\\\"><span class=\\\"a-size-base po-break-word\\\" style=\\\"word-break: break-word; line-height: 20px !important;\\\">Rechargeable</span></td></tr><tr class=\\\"a-spacing-small po-model_name\\\" style=\\\"margin-bottom: 8px !important;\\\"><td class=\\\"a-span3\\\" style=\\\"vertical-align: top; padding: 3px 3px 3px 0px; margin-right: 0px; width: 140.762px; float: none !important;\\\"><span class=\\\"a-size-base a-text-bold\\\" style=\\\"font-weight: 700 !important; line-height: 20px !important;\\\">Model Name</span></td><td class=\\\"a-span9\\\" style=\\\"vertical-align: top; padding: 3px 0px 3px 3px; margin-right: 0px; width: 446.925px; float: none !important;\\\"><span class=\\\"a-size-base po-break-word\\\" style=\\\"word-break: break-word; line-height: 20px !important;\\\">B05</span></td></tr><tr class=\\\"a-spacing-small po-battery.capacity\\\" style=\\\"margin-bottom: 8px !important;\\\"><td class=\\\"a-span3\\\" style=\\\"vertical-align: top; padding: 3px 3px 0px 0px; margin-right: 0px; width: 140.762px; float: none !important;\\\"><span class=\\\"a-size-base a-text-bold\\\" style=\\\"font-weight: 700 !important; line-height: 20px !important;\\\">Battery Capacity</span></td><td class=\\\"a-span9\\\" style=\\\"vertical-align: top; padding: 3px 0px 0px 3px; margin-right: 0px; width: 446.925px; float: none !important;\\\"><span class=\\\"a-size-base po-break-word\\\" style=\\\"word-break: break-word; line-height: 20px !important;\\\">5000 Milliamp Hours</span></td></tr></tbody></table></div></div><div id=\\\"poToggleButton\\\" class=\\\"a-expander-header a-expander-partial-collapse-header\\\" style=\\\"position: absolute; bottom: 0px; width: 587.688px; transition: opacity 0.4s ease-out 0s; outline: 0px; color: rgb(15, 17, 17); font-family: \\\"Amazon Ember\\\", Arial, sans-serif; opacity: 1;\\\"></div><h1 class=\\\"a-size-base-plus a-text-bold\\\" style=\\\"padding: 0px 0px 4px; margin-right: 0px; margin-bottom: 0px; margin-left: 0px; text-rendering: optimizelegibility; color: rgb(15, 17, 17); font-family: \\\"Amazon Ember\\\", Arial, sans-serif; font-weight: 700 !important; font-size: 16px !important; line-height: 24px !important;\\\">About this item</h1><ul class=\\\"a-unordered-list a-vertical a-spacing-mini\\\" style=\\\"margin-right: 0px; margin-bottom: 0px; margin-left: 18px; color: rgb(15, 17, 17); padding: 0px; font-family: \\\"Amazon Ember\\\", Arial, sans-serif;\\\"><li style=\\\"list-style: disc; overflow-wrap: break-word; margin: 0px;\\\"><span class=\\\"a-list-item\\\">Mobile Battery Compatible for VIVO Y12s VIVO Y20 VIVO Y20S VIVO V2026 V2029 - 5000mAh</span></li><li style=\\\"list-style: disc; overflow-wrap: break-word; margin: 0px;\\\"><span class=\\\"a-list-item\\\">Battery Capasity : 5000mAh, Use an Original company charger to charge your mobile for good battery health.</span></li><li style=\\\"list-style: disc; overflow-wrap: break-word; margin: 0px;\\\"><span class=\\\"a-list-item\\\">Complete 5000 mAh inside the Battery for Excellent Back for Mobile Phone after the heavy usage</span></li><li style=\\\"list-style: disc; overflow-wrap: break-word; margin: 0px;\\\"><span class=\\\"a-list-item\\\">Completely Tested Phone All purpose for long life.</span></li></ul>', 1),
(26, 3, 2, 6, 'Samsung  Galaxy Buds2 Pro', '<table class=\\\"a-normal a-spacing-micro\\\" style=\\\"width: 587.688px; color: rgb(15, 17, 17); font-family: \\\" amazon=\\\"\\\" ember\\\",=\\\"\\\" arial,=\\\"\\\" sans-serif;=\\\"\\\" margin-bottom:=\\\"\\\" 4px=\\\"\\\" !important;\\\"=\\\"\\\"><tbody><tr class=\\\"a-spacing-small po-brand\\\" style=\\\"margin-bottom: 8px !important;\\\"><td class=\\\"a-span3\\\" style=\\\"vertical-align: top; padding: 0px 3px 3px 0px; margin-right: 0px; width: 153.85px; float: none !important;\\\"><br></td><td class=\\\"a-span9\\\" style=\\\"vertical-align: top; padding: 0px 0px 3px 3px; margin-right: 0px; width: 433.837px; float: none !important;\\\"><br></td></tr><tr class=\\\"a-spacing-small po-model_name\\\" style=\\\"margin-bottom: 8px !important;\\\"><td class=\\\"a-span3\\\" style=\\\"vertical-align: top; padding: 3px 3px 3px 0px; margin-right: 0px; width: 153.85px; float: none !important;\\\"><span class=\\\"a-size-base a-text-bold\\\" style=\\\"font-weight: 700 !important; line-height: 20px !important;\\\">Model Name</span></td><td class=\\\"a-span9\\\" style=\\\"vertical-align: top; padding: 3px 0px 3px 3px; margin-right: 0px; width: 433.837px; float: none !important;\\\"><span class=\\\"a-size-base po-break-word\\\" style=\\\"word-break: break-word; line-height: 20px !important;\\\">Samsung Galaxy Buds2 Pro</span></td></tr><tr class=\\\"a-spacing-small po-color\\\" style=\\\"margin-bottom: 8px !important;\\\"><td class=\\\"a-span3\\\" style=\\\"vertical-align: top; padding: 3px 3px 3px 0px; margin-right: 0px; width: 153.85px; float: none !important;\\\"><span class=\\\"a-size-base a-text-bold\\\" style=\\\"font-weight: 700 !important; line-height: 20px !important;\\\">Colour</span></td><td class=\\\"a-span9\\\" style=\\\"vertical-align: top; padding: 3px 0px 3px 3px; margin-right: 0px; width: 433.837px; float: none !important;\\\"><span class=\\\"a-size-base po-break-word\\\" style=\\\"word-break: break-word; line-height: 20px !important;\\\">Bora Purple</span></td></tr><tr class=\\\"a-spacing-small po-headphones_form_factor\\\" style=\\\"margin-bottom: 8px !important;\\\"><td class=\\\"a-span3\\\" style=\\\"vertical-align: top; padding: 3px 3px 3px 0px; margin-right: 0px; width: 153.85px; float: none !important;\\\"><span class=\\\"a-size-base a-text-bold\\\" style=\\\"font-weight: 700 !important; line-height: 20px !important;\\\">Form Factor</span></td><td class=\\\"a-span9\\\" style=\\\"vertical-align: top; padding: 3px 0px 3px 3px; margin-right: 0px; width: 433.837px; float: none !important;\\\"><span class=\\\"a-size-base po-break-word\\\" style=\\\"word-break: break-word; line-height: 20px !important;\\\">In Ear</span></td></tr><tr class=\\\"a-spacing-small po-connectivity_technology\\\" style=\\\"margin-bottom: 8px !important;\\\"><td class=\\\"a-span3\\\" style=\\\"vertical-align: top; padding: 3px 3px 0px 0px; margin-right: 0px; width: 153.85px; float: none !important;\\\"><span class=\\\"a-size-base a-text-bold\\\" style=\\\"font-weight: 700 !important; line-height: 20px !important;\\\">Connector Type</span></td><td class=\\\"a-span9\\\" style=\\\"vertical-align: top; padding: 3px 0px 0px 3px; margin-right: 0px; width: 433.837px; float: none !important;\\\"><span class=\\\"a-size-base po-break-word\\\" style=\\\"word-break: break-word; line-height: 20px !important;\\\">Wireless</span></td></tr></tbody></table><h1 class=\\\"a-size-base-plus a-text-bold\\\" style=\\\"padding: 0px 0px 4px; margin-right: 0px; margin-bottom: 0px; margin-left: 0px; text-rendering: optimizelegibility; color: rgb(15, 17, 17); font-family: \\\" amazon=\\\"\\\" ember\\\",=\\\"\\\" arial,=\\\"\\\" sans-serif;=\\\"\\\" font-weight:=\\\"\\\" 700=\\\"\\\" !important;=\\\"\\\" font-size:=\\\"\\\" 16px=\\\"\\\" line-height:=\\\"\\\" 24px=\\\"\\\" !important;\\\"=\\\"\\\">About this item</h1><ul class=\\\"a-unordered-list a-vertical a-spacing-mini\\\" style=\\\"margin-right: 0px; margin-bottom: 0px; margin-left: 18px; color: rgb(15, 17, 17); padding: 0px; font-family: \\\" amazon=\\\"\\\" ember\\\",=\\\"\\\" arial,=\\\"\\\" sans-serif;\\\"=\\\"\\\"><li style=\\\"list-style: disc; overflow-wrap: break-word; margin: 0px;\\\"><span class=\\\"a-list-item\\\">24-bit Hi-Fi audio. The upgraded Samsung Seamless Codec encodes the full 24-bit audio and is decoded via Galaxy Buds2 Pro, maintaining that same 24-bit high-quality sound. (Samsung Galaxy device with One UI version 4.0 or higher required for 24-bit audio)</span></li><li style=\\\"list-style: disc; overflow-wrap: break-word; margin: 0px;\\\"><span class=\\\"a-list-item\\\">Intelligent ANC puts your playlist in focus. With 3 high SNR (Signal-to-Noise Ratio) microphones, Galaxy Buds2 Pro track and eliminate more outside sound — even soft sounds like wind. Switching to in-person conversations is easy with Voice Detect. Simply start talking and Voice Detect will turn off ANC and activate Ambient sound — allowing you to clearly hear the conversation without removing your Buds2 Pro</span></li><li style=\\\"list-style: disc; overflow-wrap: break-word; margin: 0px;\\\"><span class=\\\"a-list-item\\\">Comfort fit. We redesigned the earbuds to be 15% smaller than Buds Pro to fit snugly in your ear. Enjoy a comfortable fit, thanks to the ergonomically designed earbuds.</span></li><li style=\\\"list-style: disc; overflow-wrap: break-word; margin: 0px;\\\"><span class=\\\"a-list-item\\\">Get up to 5 hrs of continuous playtime with ANC on and up to 18 hrs in the cradle. Galaxy Buds2 Pro run on Bluetooth v5.3 and are IPX7 water resistant.</span></li></ul>', 1),
(27, 3, 2, 6, 'Samsung Level U2 Wireless Bluetooth', '<div id=\\\"productOverview_feature_div\\\" class=\\\"celwidget\\\" data-feature-name=\\\"productOverview\\\" data-csa-c-type=\\\"widget\\\" data-csa-c-content-id=\\\"productOverview\\\" data-csa-c-slot-id=\\\"productOverview_feature_div\\\" data-csa-c-asin=\\\"B08T2TP8T4\\\" data-csa-c-is-in-initial-active-row=\\\"false\\\" data-csa-c-id=\\\"pcl818-lc7plq-6hjw1v-b8i2hj\\\" data-cel-widget=\\\"productOverview_feature_div\\\" style=\\\"color: rgb(15, 17, 17); font-family: \\\" amazon=\\\"\\\" ember\\\",=\\\"\\\" arial,=\\\"\\\" sans-serif;\\\"=\\\"\\\"><div class=\\\"a-section a-spacing-small a-spacing-top-small\\\" style=\\\"margin-bottom: 0px; margin-top: 8px !important;\\\"><table class=\\\"a-normal a-spacing-micro\\\" style=\\\"width: 390.05px; margin-bottom: 4px !important;\\\"><tbody><tr class=\\\"a-spacing-small po-brand\\\" style=\\\"margin-bottom: 8px !important;\\\"><td class=\\\"a-span3\\\" style=\\\"vertical-align: top; padding: 0px 3px 3px 0px; margin-right: 0px; width: 102.113px; float: none !important;\\\"><br></td><td class=\\\"a-span9\\\" style=\\\"vertical-align: top; padding: 0px 0px 3px 3px; margin-right: 0px; width: 287.938px; float: none !important;\\\"><br></td></tr><tr class=\\\"a-spacing-small po-model_name\\\" style=\\\"margin-bottom: 8px !important;\\\"><td class=\\\"a-span3\\\" style=\\\"vertical-align: top; padding: 3px 3px 3px 0px; margin-right: 0px; width: 102.113px; float: none !important;\\\"><span class=\\\"a-size-base a-text-bold\\\" style=\\\"font-weight: 700 !important; line-height: 20px !important;\\\">Model Name</span></td><td class=\\\"a-span9\\\" style=\\\"vertical-align: top; padding: 3px 0px 3px 3px; margin-right: 0px; width: 287.938px; float: none !important;\\\"><span class=\\\"a-size-base po-break-word\\\" style=\\\"word-break: break-word; line-height: 20px !important;\\\">EO-B3300BLEGIN</span></td></tr><tr class=\\\"a-spacing-small po-color\\\" style=\\\"margin-bottom: 8px !important;\\\"><td class=\\\"a-span3\\\" style=\\\"vertical-align: top; padding: 3px 3px 3px 0px; margin-right: 0px; width: 102.113px; float: none !important;\\\"><span class=\\\"a-size-base a-text-bold\\\" style=\\\"font-weight: 700 !important; line-height: 20px !important;\\\">Colour</span></td><td class=\\\"a-span9\\\" style=\\\"vertical-align: top; padding: 3px 0px 3px 3px; margin-right: 0px; width: 287.938px; float: none !important;\\\"><span class=\\\"a-size-base po-break-word\\\" style=\\\"word-break: break-word; line-height: 20px !important;\\\">Blue</span></td></tr><tr class=\\\"a-spacing-small po-headphones_form_factor\\\" style=\\\"margin-bottom: 8px !important;\\\"><td class=\\\"a-span3\\\" style=\\\"vertical-align: top; padding: 3px 3px 3px 0px; margin-right: 0px; width: 102.113px; float: none !important;\\\"><span class=\\\"a-size-base a-text-bold\\\" style=\\\"font-weight: 700 !important; line-height: 20px !important;\\\">Form Factor</span></td><td class=\\\"a-span9\\\" style=\\\"vertical-align: top; padding: 3px 0px 3px 3px; margin-right: 0px; width: 287.938px; float: none !important;\\\"><span class=\\\"a-size-base po-break-word\\\" style=\\\"word-break: break-word; line-height: 20px !important;\\\">In Ear</span></td></tr><tr class=\\\"a-spacing-small po-connectivity_technology\\\" style=\\\"margin-bottom: 8px !important;\\\"><td class=\\\"a-span3\\\" style=\\\"vertical-align: top; padding: 3px 3px 0px 0px; margin-right: 0px; width: 102.113px; float: none !important;\\\"><span class=\\\"a-size-base a-text-bold\\\" style=\\\"font-weight: 700 !important; line-height: 20px !important;\\\">Connectivity technologies</span></td><td class=\\\"a-span9\\\" style=\\\"vertical-align: top; padding: 3px 0px 0px 3px; margin-right: 0px; width: 287.938px; float: none !important;\\\"><span class=\\\"a-size-base po-break-word\\\" style=\\\"word-break: break-word; line-height: 20px !important;\\\">Bluetooth</span></td></tr></tbody></table></div></div><div id=\\\"featurebullets_feature_div\\\" class=\\\"celwidget\\\" data-feature-name=\\\"featurebullets\\\" data-csa-c-type=\\\"widget\\\" data-csa-c-content-id=\\\"featurebullets\\\" data-csa-c-slot-id=\\\"featurebullets_feature_div\\\" data-csa-c-asin=\\\"B08T2TP8T4\\\" data-csa-c-is-in-initial-active-row=\\\"false\\\" data-csa-c-id=\\\"xf606q-26atea-kunbl6-p9niun\\\" data-cel-widget=\\\"featurebullets_feature_div\\\" style=\\\"color: rgb(15, 17, 17); font-family: \\\" amazon=\\\"\\\" ember\\\",=\\\"\\\" arial,=\\\"\\\" sans-serif;\\\"=\\\"\\\"><div id=\\\"feature-bullets\\\" class=\\\"a-section a-spacing-medium a-spacing-top-small\\\" style=\\\"margin-bottom: 0px; margin-top: 8px !important;\\\"></div></div><h1 class=\\\"a-size-base-plus a-text-bold\\\" style=\\\"padding: 0px 0px 4px; margin-right: 0px; margin-bottom: 0px; margin-left: 0px; text-rendering: optimizelegibility; color: rgb(15, 17, 17); font-family: \\\" amazon=\\\"\\\" ember\\\",=\\\"\\\" arial,=\\\"\\\" sans-serif;=\\\"\\\" font-weight:=\\\"\\\" 700=\\\"\\\" !important;=\\\"\\\" font-size:=\\\"\\\" 16px=\\\"\\\" line-height:=\\\"\\\" 24px=\\\"\\\" !important;\\\"=\\\"\\\">About this item</h1><ul class=\\\"a-unordered-list a-vertical a-spacing-mini\\\" style=\\\"margin-right: 0px; margin-bottom: 0px; margin-left: 18px; color: rgb(15, 17, 17); padding: 0px; font-family: \\\" amazon=\\\"\\\" ember\\\",=\\\"\\\" arial,=\\\"\\\" sans-serif;\\\"=\\\"\\\"><li style=\\\"list-style: disc; overflow-wrap: break-word; margin: 0px;\\\"><span class=\\\"a-list-item\\\">Hear your favorite tunes clearly without missing a beat. Samsung LEVEL U2\\\'s 12mm speaker unit delivers rich and balanced sound, all over a stable Bluetooth connection.</span></li><li style=\\\"list-style: disc; overflow-wrap: break-word; margin: 0px;\\\"><span class=\\\"a-list-item\\\">No need to worry about running out of juice — Samsung LEVEL U2\\\'s battery has enough power for how you use it. With up to 18 hours of battery life, Frequency Response 20000, High-quality sound, seamless play</span></li><li style=\\\"list-style: disc; overflow-wrap: break-word; margin: 0px;\\\"><span class=\\\"a-list-item\\\">Snug around your neck and easy on the ears, Samsung LEVEL U2\\\'s light 41.5-gram design sits comfortably at your preferred angle.</span></li></ul>', 1),
(28, 5, 2, 6, 'OnePlus Z2 EarBuds', '<table class=\\\"a-normal a-spacing-micro\\\" style=\\\"width: 587.688px; color: rgb(15, 17, 17); font-family: \\\" amazon=\\\"\\\" ember\\\",=\\\"\\\" arial,=\\\"\\\" sans-serif;=\\\"\\\" margin-bottom:=\\\"\\\" 4px=\\\"\\\" !important;\\\"=\\\"\\\"><tbody><tr class=\\\"a-spacing-small po-model_name\\\" style=\\\"margin-bottom: 8px !important;\\\"><td class=\\\"a-span3\\\" style=\\\"vertical-align: top; padding: 3px 3px 3px 0px; margin-right: 0px; width: 153.85px; float: none !important;\\\"><span class=\\\"a-size-base a-text-bold\\\" style=\\\"font-weight: 700 !important; line-height: 20px !important;\\\">Model Name</span></td><td class=\\\"a-span9\\\" style=\\\"vertical-align: top; padding: 3px 0px 3px 3px; margin-right: 0px; width: 433.837px; float: none !important;\\\"><span class=\\\"a-size-base po-break-word\\\" style=\\\"word-break: break-word; line-height: 20px !important;\\\">Buds Z2</span></td></tr><tr class=\\\"a-spacing-small po-color\\\" style=\\\"margin-bottom: 8px !important;\\\"><td class=\\\"a-span3\\\" style=\\\"vertical-align: top; padding: 3px 3px 3px 0px; margin-right: 0px; width: 153.85px; float: none !important;\\\"><span class=\\\"a-size-base a-text-bold\\\" style=\\\"font-weight: 700 !important; line-height: 20px !important;\\\">Colour</span></td><td class=\\\"a-span9\\\" style=\\\"vertical-align: top; padding: 3px 0px 3px 3px; margin-right: 0px; width: 433.837px; float: none !important;\\\"><span class=\\\"a-size-base po-break-word\\\" style=\\\"word-break: break-word; line-height: 20px !important;\\\">Obsidian Black</span></td></tr><tr class=\\\"a-spacing-small po-headphones_form_factor\\\" style=\\\"margin-bottom: 8px !important;\\\"><td class=\\\"a-span3\\\" style=\\\"vertical-align: top; padding: 3px 3px 3px 0px; margin-right: 0px; width: 153.85px; float: none !important;\\\"><span class=\\\"a-size-base a-text-bold\\\" style=\\\"font-weight: 700 !important; line-height: 20px !important;\\\">Form Factor</span></td><td class=\\\"a-span9\\\" style=\\\"vertical-align: top; padding: 3px 0px 3px 3px; margin-right: 0px; width: 433.837px; float: none !important;\\\"><span class=\\\"a-size-base po-break-word\\\" style=\\\"word-break: break-word; line-height: 20px !important;\\\">In Ear</span></td></tr><tr class=\\\"a-spacing-small po-connectivity_technology\\\" style=\\\"margin-bottom: 8px !important;\\\"><td class=\\\"a-span3\\\" style=\\\"vertical-align: top; padding: 3px 3px 0px 0px; margin-right: 0px; width: 153.85px; float: none !important;\\\"><span class=\\\"a-size-base a-text-bold\\\" style=\\\"font-weight: 700 !important; line-height: 20px !important;\\\">Connector Type</span></td><td class=\\\"a-span9\\\" style=\\\"vertical-align: top; padding: 3px 0px 0px 3px; margin-right: 0px; width: 433.837px; float: none !important;\\\"><span class=\\\"a-size-base po-break-word\\\" style=\\\"word-break: break-word; line-height: 20px !important;\\\">Wireless</span></td></tr></tbody></table><h1 class=\\\"a-size-base-plus a-text-bold\\\" style=\\\"padding: 0px 0px 4px; margin-right: 0px; margin-bottom: 0px; margin-left: 0px; text-rendering: optimizelegibility; color: rgb(15, 17, 17); font-family: \\\" amazon=\\\"\\\" ember\\\",=\\\"\\\" arial,=\\\"\\\" sans-serif;=\\\"\\\" font-weight:=\\\"\\\" 700=\\\"\\\" !important;=\\\"\\\" font-size:=\\\"\\\" 16px=\\\"\\\" line-height:=\\\"\\\" 24px=\\\"\\\" !important;\\\"=\\\"\\\"><span style=\\\"font-family: inherit; font-size: 2.5rem;\\\">About this item</span><br></h1><ul class=\\\"a-unordered-list a-vertical a-spacing-mini\\\" style=\\\"margin-right: 0px; margin-bottom: 0px; margin-left: 18px; color: rgb(15, 17, 17); padding: 0px; font-family: \\\" amazon=\\\"\\\" ember\\\",=\\\"\\\" arial,=\\\"\\\" sans-serif;\\\"=\\\"\\\"><li style=\\\"list-style: disc; overflow-wrap: break-word; margin: 0px;\\\"><span class=\\\"a-list-item\\\">Active Noise Cancellation:&nbsp;Up to 40 dB&nbsp;noise cancelling&nbsp;with 2&nbsp;modes - Faint (+/- 25dB) &amp;&nbsp;Extreme (+/- 40 dB)&nbsp;through manual adjustment via OnePlus mobile&nbsp;or&nbsp;HeyMelody App.</span></li><li style=\\\"list-style: disc; overflow-wrap: break-word; margin: 0px;\\\"><span class=\\\"a-list-item\\\">High Quality Sound:&nbsp;11mm dynamic drivers acoustically tuned for bigger, bolder beats with razor-sharp treble &amp; Dolby atmos support delivers immersive,&nbsp;true-to-life sound using industry leading spatial audio</span></li><li style=\\\"list-style: disc; overflow-wrap: break-word; margin: 0px;\\\"><span class=\\\"a-list-item\\\">3-MIC ENC Call Noise Reduction:&nbsp;To keep your calls sounding smooth, the 3-MIC&nbsp;design&nbsp;trims&nbsp;down wind noise caused by air friction. It sharpens voice-pickup &amp; cuts down surrounding noise for crystal clear speech.</span></li><li style=\\\"list-style: disc; overflow-wrap: break-word; margin: 0px;\\\"><span class=\\\"a-list-item\\\">Worry-free Battery&nbsp;Life: Enjoy&nbsp;up to&nbsp;38 hours of&nbsp;music and&nbsp;a quick fast&nbsp;charging&nbsp;of 10 minutes&nbsp;for 5 hours of playtime.</span></li><li style=\\\"list-style: disc; overflow-wrap: break-word; margin: 0px;\\\"><span class=\\\"a-list-item\\\">Built for&nbsp;Mobile&nbsp;Gaming: Your&nbsp;winning advantage starts here with latency as low as 94ms,&nbsp;with&nbsp;Pro&nbsp;Gaming&nbsp;mode activated</span></li><li style=\\\"list-style: disc; overflow-wrap: break-word; margin: 0px;\\\"><span class=\\\"a-list-item\\\">IP55 Water &amp; Sweat Resistance</span></li></ul>', 1),
(29, 1, 2, 6, 'Apple-AirPods', '<table class=\\\"a-normal a-spacing-micro\\\" style=\\\"width: 463.25px; color: rgb(15, 17, 17); font-family: \\\" amazon=\\\"\\\" ember\\\",=\\\"\\\" arial,=\\\"\\\" sans-serif;=\\\"\\\" margin-bottom:=\\\"\\\" 4px=\\\"\\\" !important;\\\"=\\\"\\\"><tbody><tr class=\\\"a-spacing-small po-brand\\\" style=\\\"margin-bottom: 8px !important;\\\"><td class=\\\"a-span3\\\" style=\\\"vertical-align: top; padding: 0px 3px 3px 0px; margin-right: 0px; width: 121.275px; float: none !important;\\\"><br></td><td class=\\\"a-span9\\\" style=\\\"vertical-align: top; padding: 0px 0px 3px 3px; margin-right: 0px; width: 341.975px; float: none !important;\\\"><br></td></tr><tr class=\\\"a-spacing-small po-color\\\" style=\\\"margin-bottom: 8px !important;\\\"><td class=\\\"a-span3\\\" style=\\\"vertical-align: top; padding: 3px 3px 3px 0px; margin-right: 0px; width: 121.275px; float: none !important;\\\"><span class=\\\"a-size-base a-text-bold\\\" style=\\\"font-weight: 700 !important; line-height: 20px !important;\\\">Colour</span></td><td class=\\\"a-span9\\\" style=\\\"vertical-align: top; padding: 3px 0px 3px 3px; margin-right: 0px; width: 341.975px; float: none !important;\\\"><span class=\\\"a-size-base po-break-word\\\" style=\\\"word-break: break-word; line-height: 20px !important;\\\">White</span></td></tr><tr class=\\\"a-spacing-small po-compatible_devices\\\" style=\\\"margin-bottom: 8px !important;\\\"><td class=\\\"a-span3\\\" style=\\\"vertical-align: top; padding: 3px 3px 3px 0px; margin-right: 0px; width: 121.275px; float: none !important;\\\"><span class=\\\"a-size-base a-text-bold\\\" style=\\\"font-weight: 700 !important; line-height: 20px !important;\\\">Compatible Devices</span></td><td class=\\\"a-span9\\\" style=\\\"vertical-align: top; padding: 3px 0px 3px 3px; margin-right: 0px; width: 341.975px; float: none !important;\\\"><span class=\\\"a-size-base po-break-word\\\" style=\\\"word-break: break-word; line-height: 20px !important;\\\">Headphones</span></td></tr><tr class=\\\"a-spacing-small po-form_factor\\\" style=\\\"margin-bottom: 8px !important;\\\"><td class=\\\"a-span3\\\" style=\\\"vertical-align: top; padding: 3px 3px 3px 0px; margin-right: 0px; width: 121.275px; float: none !important;\\\"><span class=\\\"a-size-base a-text-bold\\\" style=\\\"font-weight: 700 !important; line-height: 20px !important;\\\">Form Factor</span></td><td class=\\\"a-span9\\\" style=\\\"vertical-align: top; padding: 3px 0px 3px 3px; margin-right: 0px; width: 341.975px; float: none !important;\\\"><span class=\\\"a-size-base po-break-word\\\" style=\\\"word-break: break-word; line-height: 20px !important;\\\">Case</span></td></tr><tr class=\\\"a-spacing-small po-shell_type\\\" style=\\\"margin-bottom: 8px !important;\\\"><td class=\\\"a-span3\\\" style=\\\"vertical-align: top; padding: 3px 3px 0px 0px; margin-right: 0px; width: 121.275px; float: none !important;\\\"><span class=\\\"a-size-base a-text-bold\\\" style=\\\"font-weight: 700 !important; line-height: 20px !important;\\\">Shell Type</span></td><td class=\\\"a-span9\\\" style=\\\"vertical-align: top; padding: 3px 0px 0px 3px; margin-right: 0px; width: 341.975px; float: none !important;\\\"><span class=\\\"a-size-base po-break-word\\\" style=\\\"word-break: break-word; line-height: 20px !important;\\\">Soft</span></td></tr></tbody></table><h1 class=\\\"a-size-base-plus a-text-bold\\\" style=\\\"padding: 0px 0px 4px; margin-right: 0px; margin-bottom: 0px; margin-left: 0px; text-rendering: optimizelegibility; color: rgb(15, 17, 17); font-family: \\\" amazon=\\\"\\\" ember\\\",=\\\"\\\" arial,=\\\"\\\" sans-serif;=\\\"\\\" font-weight:=\\\"\\\" 700=\\\"\\\" !important;=\\\"\\\" font-size:=\\\"\\\" 16px=\\\"\\\" line-height:=\\\"\\\" 24px=\\\"\\\" !important;\\\"=\\\"\\\">About this item</h1><ul class=\\\"a-unordered-list a-vertical a-spacing-mini\\\" style=\\\"margin-right: 0px; margin-bottom: 0px; margin-left: 18px; color: rgb(15, 17, 17); padding: 0px; font-family: \\\" amazon=\\\"\\\" ember\\\",=\\\"\\\" arial,=\\\"\\\" sans-serif;\\\"=\\\"\\\"><li style=\\\"list-style: disc; overflow-wrap: break-word; margin: 0px;\\\"><span class=\\\"a-list-item\\\">Active Noise Cancellation blocks outside noise, so you can immerse yourself in music</span></li><li style=\\\"list-style: disc; overflow-wrap: break-word; margin: 0px;\\\"><span class=\\\"a-list-item\\\">Transparency mode for hearing and interacting with the world around you</span></li><li style=\\\"list-style: disc; overflow-wrap: break-word; margin: 0px;\\\"><span class=\\\"a-list-item\\\">Spatial audio with dynamic head tracking places sound all around you</span></li><li style=\\\"list-style: disc; overflow-wrap: break-word; margin: 0px;\\\"><span class=\\\"a-list-item\\\">Adaptive EQ automatically tunes music to your ears</span></li><li style=\\\"list-style: disc; overflow-wrap: break-word; margin: 0px;\\\"><span class=\\\"a-list-item\\\">Three sizes of soft, tapered silicone tips for a customisable fit</span></li></ul><table class=\\\"a-normal a-spacing-micro\\\" style=\\\"width: 463.25px; color: rgb(15, 17, 17); font-family: \\\" amazon=\\\"\\\" ember\\\",=\\\"\\\" arial,=\\\"\\\" sans-serif;=\\\"\\\" margin-bottom:=\\\"\\\" 4px=\\\"\\\" !important;\\\"=\\\"\\\"><tbody></tbody></table>', 1),
(30, 3, 2, 6, 'Samsung  EHS64 Wired-Earphones', '<table class=\\\"a-normal a-spacing-micro\\\" amazon=\\\"\\\" ember\\\",=\\\"\\\" arial,=\\\"\\\" sans-serif;=\\\"\\\" margin-bottom:=\\\"\\\" 4px=\\\"\\\" !important;\\\"=\\\"\\\" style=\\\"width: 587.688px; color: rgb(15, 17, 17);\\\"><tbody><tr class=\\\"a-spacing-small po-brand\\\" style=\\\"margin-bottom: 8px !important;\\\"><td class=\\\"a-span3\\\" style=\\\"vertical-align: top; padding: 0px 3px 3px 0px; margin-right: 0px; width: 153.85px; float: none !important;\\\"><br></td><td class=\\\"a-span9\\\" style=\\\"vertical-align: top; padding: 0px 0px 3px 3px; margin-right: 0px; width: 433.837px; float: none !important;\\\"><br></td></tr><tr class=\\\"a-spacing-small po-model_name\\\" style=\\\"margin-bottom: 8px !important;\\\"><td class=\\\"a-span3\\\" style=\\\"vertical-align: top; padding: 3px 3px 3px 0px; margin-right: 0px; width: 153.85px; float: none !important;\\\"><span class=\\\"a-size-base a-text-bold\\\" style=\\\"font-weight: 700 !important; line-height: 20px !important;\\\">Model Name</span></td><td class=\\\"a-span9\\\" style=\\\"vertical-align: top; padding: 3px 0px 3px 3px; margin-right: 0px; width: 433.837px; float: none !important;\\\"><span class=\\\"a-size-base po-break-word\\\" style=\\\"word-break: break-word; line-height: 20px !important;\\\">EHS64</span></td></tr><tr class=\\\"a-spacing-small po-color\\\" style=\\\"margin-bottom: 8px !important;\\\"><td class=\\\"a-span3\\\" style=\\\"vertical-align: top; padding: 3px 3px 3px 0px; margin-right: 0px; width: 153.85px; float: none !important;\\\"><span class=\\\"a-size-base a-text-bold\\\" style=\\\"font-weight: 700 !important; line-height: 20px !important;\\\">Colour</span></td><td class=\\\"a-span9\\\" style=\\\"vertical-align: top; padding: 3px 0px 3px 3px; margin-right: 0px; width: 433.837px; float: none !important;\\\"><span class=\\\"a-size-base po-break-word\\\" style=\\\"word-break: break-word; line-height: 20px !important;\\\">White</span></td></tr><tr class=\\\"a-spacing-small po-headphones_form_factor\\\" style=\\\"margin-bottom: 8px !important;\\\"><td class=\\\"a-span3\\\" style=\\\"vertical-align: top; padding: 3px 3px 3px 0px; margin-right: 0px; width: 153.85px; float: none !important;\\\"><span class=\\\"a-size-base a-text-bold\\\" style=\\\"font-weight: 700 !important; line-height: 20px !important;\\\">Form Factor</span></td><td class=\\\"a-span9\\\" style=\\\"vertical-align: top; padding: 3px 0px 3px 3px; margin-right: 0px; width: 433.837px; float: none !important;\\\"><span class=\\\"a-size-base po-break-word\\\" style=\\\"word-break: break-word; line-height: 20px !important;\\\">In Ear</span></td></tr><tr class=\\\"a-spacing-small po-connectivity_technology\\\" style=\\\"margin-bottom: 8px !important;\\\"><td class=\\\"a-span3\\\" style=\\\"vertical-align: top; padding: 3px 3px 0px 0px; margin-right: 0px; width: 153.85px; float: none !important;\\\"><span class=\\\"a-size-base a-text-bold\\\" style=\\\"font-weight: 700 !important; line-height: 20px !important;\\\">Connector Type</span></td><td class=\\\"a-span9\\\" style=\\\"vertical-align: top; padding: 3px 0px 0px 3px; margin-right: 0px; width: 433.837px; float: none !important;\\\"><span class=\\\"a-size-base po-break-word\\\" style=\\\"word-break: break-word; line-height: 20px !important;\\\">Wired</span></td></tr></tbody></table><h1 class=\\\"a-size-base-plus a-text-bold\\\" amazon=\\\"\\\" ember\\\",=\\\"\\\" arial,=\\\"\\\" sans-serif;=\\\"\\\" font-weight:=\\\"\\\" 700=\\\"\\\" !important;=\\\"\\\" font-size:=\\\"\\\" 16px=\\\"\\\" line-height:=\\\"\\\" 24px=\\\"\\\" !important;\\\"=\\\"\\\" style=\\\"margin-right: 0px; margin-bottom: 0px; margin-left: 0px; font-family: \\\" source=\\\"\\\" sans=\\\"\\\" pro\\\",=\\\"\\\" -apple-system,=\\\"\\\" blinkmacsystemfont,=\\\"\\\" \\\"segoe=\\\"\\\" ui\\\",=\\\"\\\" roboto,=\\\"\\\" \\\"helvetica=\\\"\\\" neue\\\",=\\\"\\\" sans-serif,=\\\"\\\" \\\"apple=\\\"\\\" color=\\\"\\\" emoji\\\",=\\\"\\\" ui=\\\"\\\" symbol\\\";=\\\"\\\" color:=\\\"\\\" rgb(15,=\\\"\\\" 17,=\\\"\\\" 17);=\\\"\\\" padding:=\\\"\\\" 0px=\\\"\\\" 4px;=\\\"\\\" text-rendering:=\\\"\\\" optimizelegibility;\\\"=\\\"\\\">About this item</h1><ul class=\\\"a-unordered-list a-vertical a-spacing-mini\\\" amazon=\\\"\\\" ember\\\",=\\\"\\\" arial,=\\\"\\\" sans-serif;\\\"=\\\"\\\" style=\\\"margin-right: 0px; margin-bottom: 0px; margin-left: 18px; color: rgb(15, 17, 17); padding: 0px;\\\"><li style=\\\"list-style: disc; overflow-wrap: break-word; margin: 0px;\\\"><span class=\\\"a-list-item\\\">In Ear Volume Control</span></li><li style=\\\"list-style: disc; overflow-wrap: break-word; margin: 0px;\\\"><span class=\\\"a-list-item\\\">Design: Canal phone</span></li><li style=\\\"list-style: disc; overflow-wrap: break-word; margin: 0px;\\\"><span class=\\\"a-list-item\\\">Headphone Jack: 3.5mm</span></li></ul>', 1);

-- --------------------------------------------------------

--
-- Table structure for table `sub_categories`
--

CREATE TABLE `sub_categories` (
  `id` int(30) NOT NULL,
  `parent_id` int(30) NOT NULL,
  `sub_category` varchar(250) NOT NULL,
  `description` text NOT NULL,
  `status` tinyint(1) NOT NULL DEFAULT 1
) ENGINE=InnoDB DEFAULT CHARSET=utf8mb4 COLLATE=utf8mb4_general_ci;

--
-- Dumping data for table `sub_categories`
--

INSERT INTO `sub_categories` (`id`, `parent_id`, `sub_category`, `description`, `status`) VALUES
(1, 3, 'Batteries', 'Mobile Batteries', 1),
(2, 2, 'Phone Case Cover', 'Mobile Phones Cases', 1),
(3, 4, 'Micro SD Card', 'Micro SD Cards', 1),
(6, 2, 'EarPhones', '', 1);

-- --------------------------------------------------------

--
-- Table structure for table `system_info`
--

CREATE TABLE `system_info` (
  `id` int(30) NOT NULL,
  `meta_field` text NOT NULL,
  `meta_value` text NOT NULL
) ENGINE=InnoDB DEFAULT CHARSET=utf8mb4 COLLATE=utf8mb4_general_ci;

--
-- Dumping data for table `system_info`
--

INSERT INTO `system_info` (`id`, `meta_field`, `meta_value`) VALUES
(1, 'name', 'Mobile Store Management System - PHP'),
(6, 'short_name', 'MSMS-PHP'),
(11, 'logo', 'uploads/1630289100_mobile.jpg'),
(13, 'user_avatar', 'uploads/user_avatar.jpg'),
(14, 'cover', 'uploads/1630289280_wallpaper.jpg');

-- --------------------------------------------------------

--
-- Table structure for table `users`
--

CREATE TABLE `users` (
  `id` int(50) NOT NULL,
  `firstname` varchar(250) NOT NULL,
  `lastname` varchar(250) NOT NULL,
  `username` text NOT NULL,
  `password` text NOT NULL,
  `avatar` text DEFAULT NULL,
  `type` tinyint(1) NOT NULL DEFAULT 0
) ENGINE=InnoDB DEFAULT CHARSET=utf8mb4 COLLATE=utf8mb4_general_ci;

--
-- Dumping data for table `users`
--

INSERT INTO `users` (`id`, `firstname`, `lastname`, `username`, `password`, `avatar`, `type`) VALUES
(1, 'Adminstrator', 'Admin', 'admin', '0192023a7bbd73250516f069df18b500', 'uploads/1624240500_avatar.png', 1);

--
-- Indexes for dumped tables
--

--
-- Indexes for table `brands`
--
ALTER TABLE `brands`
  ADD PRIMARY KEY (`id`);

--
-- Indexes for table `cart`
--
ALTER TABLE `cart`
  ADD PRIMARY KEY (`id`);

--
-- Indexes for table `categories`
--
ALTER TABLE `categories`
  ADD PRIMARY KEY (`id`);

--
-- Indexes for table `clients`
--
ALTER TABLE `clients`
  ADD PRIMARY KEY (`id`);

--
-- Indexes for table `client_info_backup`
--
ALTER TABLE `client_info_backup`
  ADD PRIMARY KEY (`id`);

--
-- Indexes for table `inventory`
--
ALTER TABLE `inventory`
  ADD PRIMARY KEY (`id`);

--
-- Indexes for table `orders`
--
ALTER TABLE `orders`
  ADD PRIMARY KEY (`id`);

--
-- Indexes for table `order_list`
--
ALTER TABLE `order_list`
  ADD PRIMARY KEY (`id`);

--
-- Indexes for table `products`
--
ALTER TABLE `products`
  ADD PRIMARY KEY (`id`);

--
-- Indexes for table `sub_categories`
--
ALTER TABLE `sub_categories`
  ADD PRIMARY KEY (`id`);

--
-- Indexes for table `system_info`
--
ALTER TABLE `system_info`
  ADD PRIMARY KEY (`id`);

--
-- Indexes for table `users`
--
ALTER TABLE `users`
  ADD PRIMARY KEY (`id`);

--
-- AUTO_INCREMENT for dumped tables
--

--
-- AUTO_INCREMENT for table `brands`
--
ALTER TABLE `brands`
  MODIFY `id` int(30) NOT NULL AUTO_INCREMENT, AUTO_INCREMENT=12;

--
-- AUTO_INCREMENT for table `cart`
--
ALTER TABLE `cart`
  MODIFY `id` int(30) NOT NULL AUTO_INCREMENT, AUTO_INCREMENT=18;

--
-- AUTO_INCREMENT for table `categories`
--
ALTER TABLE `categories`
  MODIFY `id` int(30) NOT NULL AUTO_INCREMENT, AUTO_INCREMENT=7;

--
-- AUTO_INCREMENT for table `clients`
--
ALTER TABLE `clients`
  MODIFY `id` int(30) NOT NULL AUTO_INCREMENT, AUTO_INCREMENT=13;

--
-- AUTO_INCREMENT for table `client_info_backup`
--
ALTER TABLE `client_info_backup`
  MODIFY `id` int(30) NOT NULL AUTO_INCREMENT, AUTO_INCREMENT=13;

--
-- AUTO_INCREMENT for table `inventory`
--
ALTER TABLE `inventory`
  MODIFY `id` int(30) NOT NULL AUTO_INCREMENT, AUTO_INCREMENT=25;

--
-- AUTO_INCREMENT for table `orders`
--
ALTER TABLE `orders`
  MODIFY `id` int(30) NOT NULL AUTO_INCREMENT, AUTO_INCREMENT=18;

--
-- AUTO_INCREMENT for table `order_list`
--
ALTER TABLE `order_list`
  MODIFY `id` int(30) NOT NULL AUTO_INCREMENT, AUTO_INCREMENT=16;

--
-- AUTO_INCREMENT for table `products`
--
ALTER TABLE `products`
  MODIFY `id` int(30) NOT NULL AUTO_INCREMENT, AUTO_INCREMENT=31;

--
-- AUTO_INCREMENT for table `sub_categories`
--
ALTER TABLE `sub_categories`
  MODIFY `id` int(30) NOT NULL AUTO_INCREMENT, AUTO_INCREMENT=7;

--
-- AUTO_INCREMENT for table `system_info`
--
ALTER TABLE `system_info`
  MODIFY `id` int(30) NOT NULL AUTO_INCREMENT, AUTO_INCREMENT=15;

--
-- AUTO_INCREMENT for table `users`
--
ALTER TABLE `users`
  MODIFY `id` int(50) NOT NULL AUTO_INCREMENT, AUTO_INCREMENT=2;
COMMIT;

/*!40101 SET CHARACTER_SET_CLIENT=@OLD_CHARACTER_SET_CLIENT */;
/*!40101 SET CHARACTER_SET_RESULTS=@OLD_CHARACTER_SET_RESULTS */;
/*!40101 SET COLLATION_CONNECTION=@OLD_COLLATION_CONNECTION */;
